V1,V2,V3,V4,V5,V6,V7,V8,V9,V10,V11,V12,V13,V14,V15,V16,V17,V18,V19,V20,V21,V22,V23,V24,V25,V26,V27,V28,V29,V30,V31,V32,V33,V34,V35,V36,V37,V38,V39,V40,V41,target
3.919,2.6909,0.0,0.0,0.0,0.0,0.0,31.4,2.0,0.0,0.0,0.0,3.106,2.55,9.002,0.0,0.96,1.142,0.0,0.0,0.0,1.201,0.0,0.0,0.0,0.0,1.932,0.011,0.0,0.0,4.489,0.0,0.0,0.0,0.0,2.949,1.591,0.0,7.253,0.0,0.0,2
4.17,2.1144,0.0,0.0,0.0,0.0,0.0,30.8,1.0,1.0,0.0,0.0,2.461,1.393,8.723,1.0,0.989,1.144,0.0,0.0,0.0,1.104,1.0,0.0,0.0,0.0,2.214,-0.204,0.0,0.0,1.542,0.0,0.0,0.0,0.0,3.315,1.967,0.0,7.257,0.0,0.0,2
3.932,3.2512,0.0,0.0,0.0,0.0,0.0,26.7,2.0,4.0,0.0,0.0,3.279,2.585,9.11,0.0,1.009,1.152,0.0,0.0,0.0,1.092,0.0,0.0,0.0,0.0,1.942,-0.008,0.0,0.0,4.891,0.0,0.0,0.0,1.0,3.076,2.417,0.0,7.601,0.0,0.0,2
3.0,2.7098,0.0,0.0,0.0,0.0,0.0,20.0,0.0,2.0,0.0,0.0,2.1,0.918,6.594,0.0,1.108,1.167,0.0,0.0,0.0,1.024,0.0,0.0,0.0,0.0,1.414,1.073,0.0,8.361,1.333,0.0,0.0,0.0,1.0,3.046,5.0,0.0,6.69,0.0,0.0,2
4.236,3.3944,0.0,0.0,0.0,0.0,0.0,29.4,2.0,4.0,0.0,-0.271,3.449,2.753,9.528,2.0,1.004,1.147,0.0,0.0,0.0,1.137,0.0,0.0,0.0,0.0,1.985,-0.002,0.0,10.348,5.588,0.0,0.0,0.0,0.0,3.351,2.405,0.0,8.003,0.0,0.0,2
4.236,3.4286,0.0,0.0,0.0,0.0,0.0,28.6,2.0,4.0,0.0,-0.275,3.313,2.522,9.383,1.0,1.014,1.149,0.0,0.0,0.0,1.119,0.0,0.0,0.0,0.0,1.98,-0.008,0.0,10.276,4.746,0.0,0.0,0.0,0.0,3.351,2.556,0.0,7.904,0.0,0.0,2
5.0,5.0476,1.0,0.0,0.0,0.0,0.0,11.1,0.0,3.0,0.0,0.0,2.872,0.722,9.657,0.0,1.092,1.153,0.0,0.0,0.0,1.125,0.0,0.0,0.0,0.0,2.0,0.446,0.0,18.375,0.8,0.0,0.0,0.0,1.0,4.712,4.583,0.0,9.303,0.0,0.0,2
4.525,3.8301,0.0,0.0,0.0,0.0,0.0,31.6,3.0,2.0,0.0,-0.039,3.418,2.468,9.786,5.0,0.98,1.142,0.0,0.0,0.0,1.179,0.0,0.0,0.0,0.0,2.119,-0.002,0.0,11.115,3.889,0.0,0.0,0.0,0.0,3.379,2.143,0.0,7.95,0.0,0.0,2
4.596,3.0777,0.0,0.0,0.0,0.0,2.0,44.4,2.0,0.0,0.0,0.0,2.97,0.875,9.54,0.0,0.968,1.115,0.0,0.0,0.0,1.328,1.0,0.0,0.0,0.0,2.175,0.041,0.0,0.0,1.069,0.0,0.0,0.0,0.0,3.626,1.917,0.0,7.939,0.0,0.0,2
5.04,3.6112,0.0,0.0,1.0,0.0,2.0,41.2,0.0,4.0,3.0,-1.29,3.483,1.258,10.159,8.0,1.069,1.127,0.0,1.0,0.0,1.199,1.0,0.0,0.0,0.0,2.323,0.005,0.0,30.959,1.711,0.0,1.0,2.0,1.0,3.888,3.5,1.0,8.706,0.0,0.0,2
4.91,2.7414,0.0,0.0,0.0,0.0,2.0,52.9,0.0,2.0,0.0,-0.302,3.364,0.629,10.06,5.0,1.018,1.098,0.0,0.0,0.0,1.279,3.0,0.0,0.0,0.0,2.333,0.004,0.0,10.717,1.207,0.0,1.0,0.0,0.0,3.767,2.5,0.0,8.427,0.0,0.0,2
3.618,2.1906,0.0,0.0,0.0,0.0,0.0,29.4,2.0,0.0,0.0,0.0,2.333,1.522,7.853,0.0,0.959,1.147,0.0,0.0,0.0,1.178,0.0,0.0,0.0,0.0,1.732,0.294,0.0,0.0,2.094,0.0,0.0,0.0,0.0,2.794,1.7,0.0,6.333,0.0,0.0,2
4.214,2.6272,0.0,0.0,0.0,0.0,0.0,30.0,3.0,0.0,0.0,0.0,2.523,1.459,8.755,0.0,0.959,1.145,0.0,0.0,0.0,1.213,0.0,0.0,0.0,0.0,1.902,-0.181,0.0,0.0,2.052,0.0,0.0,0.0,0.0,2.998,1.722,0.0,6.77,0.0,0.0,2
3.732,2.3391,0.0,0.0,0.0,0.0,0.0,30.0,2.0,0.0,0.0,0.0,2.511,1.585,8.16,0.0,0.959,1.145,0.0,0.0,0.0,1.196,0.0,0.0,0.0,0.0,1.802,-0.181,0.0,0.0,2.488,0.0,0.0,0.0,0.0,2.846,1.667,0.0,6.557,0.0,0.0,2
3.879,2.5951,0.0,0.0,0.0,0.0,0.0,31.0,2.0,0.0,0.0,0.0,2.908,2.281,8.743,0.0,0.96,1.143,0.0,0.0,0.0,1.202,0.0,0.0,0.0,0.0,1.902,0.036,0.0,0.0,3.685,0.0,0.0,0.0,0.0,2.924,1.611,0.0,7.029,0.0,0.0,2
3.942,2.7719,1.0,0.0,0.0,0.0,0.0,31.6,2.0,0.0,0.0,0.0,3.44,2.777,9.207,0.0,0.969,1.141,0.0,0.0,0.0,1.22,0.0,0.0,1.0,0.0,1.95,0.003,0.0,0.0,5.294,0.0,0.0,0.0,0.0,3.542,1.739,0.0,8.127,0.0,1.0,2
3.966,2.852,1.0,0.0,0.0,0.0,0.0,32.0,2.0,0.0,0.0,0.0,4.075,3.146,9.522,0.0,0.965,1.138,0.0,0.0,0.0,1.243,0.0,1.0,0.0,0.0,1.97,0.0,1.0,0.0,6.909,0.0,0.0,0.0,0.0,6.866,1.603,0.0,11.578,0.0,1.0,2
3.732,2.3761,0.0,0.0,1.0,0.0,0.0,26.3,2.0,0.0,1.0,0.0,2.532,1.585,8.16,0.0,0.969,1.157,0.0,0.0,0.0,1.152,0.0,0.0,0.0,0.0,1.802,-0.195,0.0,0.0,2.488,0.0,0.0,1.0,2.0,2.858,2.0,1.0,6.599,0.0,0.0,2
4.0,2.6264,0.0,0.0,0.0,0.0,0.0,23.1,0.0,0.0,0.0,0.0,2.167,0.811,8.318,0.0,0.972,1.166,0.0,0.0,0.0,1.182,0.0,0.0,0.0,0.0,1.732,-0.522,0.0,0.0,1.0,0.0,0.0,0.0,0.0,2.991,2.0,1.0,6.579,0.0,0.0,2
2.0,1.1521,0.0,0.0,0.0,0.0,0.0,16.7,1.0,1.0,0.0,0.0,1.549,0.0,4.174,0.0,1.016,1.173,0.0,0.0,0.0,0.93,0.0,0.0,0.0,0.0,1.0,-1.099,0.0,0.0,1.0,0.0,0.0,0.0,1.0,2.279,4.0,0.0,4.948,0.0,0.0,2
3.732,2.4062,0.0,0.0,0.0,0.0,0.0,27.8,2.0,1.0,0.0,0.0,2.555,1.585,8.16,1.0,0.979,1.15,0.0,0.0,0.0,1.134,0.0,0.0,0.0,0.0,1.802,-0.205,0.0,0.0,2.488,0.0,0.0,0.0,1.0,2.874,2.333,0.0,6.649,0.0,0.0,2
4.0,2.3699,0.0,0.0,0.0,0.0,0.0,30.0,1.0,1.0,0.0,0.0,2.273,1.0,8.482,0.0,0.998,1.146,0.0,0.0,0.0,1.09,1.0,0.0,0.0,0.0,2.17,0.34,0.0,0.0,1.0,0.0,0.0,0.0,0.0,3.302,2.083,0.0,7.174,0.0,0.0,2
3.414,2.2525,0.0,0.0,0.0,0.0,0.0,20.0,2.0,2.0,0.0,0.0,2.243,1.0,7.408,0.0,1.031,1.166,0.0,0.0,0.0,0.98,0.0,0.0,0.0,0.0,1.618,-0.642,0.0,0.0,1.707,0.0,0.0,0.0,2.0,2.817,3.75,0.0,6.32,0.0,0.0,2
4.17,2.8042,0.0,0.0,0.0,0.0,0.0,23.1,2.0,2.0,0.0,0.0,2.449,0.971,8.597,1.0,1.015,1.16,0.0,0.0,0.0,1.044,0.0,0.0,0.0,0.0,1.848,0.391,0.0,0.0,1.542,0.0,0.0,0.0,2.0,3.047,3.367,0.0,6.782,0.0,0.0,2
4.303,2.9558,0.0,0.0,0.0,0.0,0.0,25.0,2.0,2.0,0.0,0.0,2.608,1.459,8.815,2.0,1.005,1.156,0.0,0.0,0.0,1.056,0.0,0.0,0.0,0.0,1.932,-0.229,0.0,0.0,1.745,0.0,0.0,0.0,2.0,3.083,3.056,0.0,6.914,0.0,0.0,2
3.414,2.6294,0.0,0.0,0.0,0.0,0.0,37.5,1.0,1.0,0.0,0.0,2.333,1.0,7.408,1.0,1.012,1.13,0.0,0.0,0.0,1.215,0.0,0.0,0.0,0.0,1.618,-0.66,0.0,0.0,1.707,0.0,0.0,0.0,1.0,3.188,3.5,0.0,7.035,0.0,0.0,2
4.214,3.0057,0.0,0.0,0.0,0.0,0.0,25.0,1.0,2.0,0.0,0.0,2.608,1.459,8.755,1.0,1.005,1.156,0.0,0.0,0.0,1.104,0.0,0.0,0.0,0.0,1.902,-0.236,0.0,0.0,2.052,0.0,0.0,0.0,1.0,3.087,2.722,0.0,6.989,0.0,0.0,2
3.848,2.8521,0.0,0.0,0.0,0.0,0.0,27.3,2.0,2.0,0.0,0.0,2.858,2.0,8.584,1.0,0.993,1.151,0.0,0.0,0.0,1.117,0.0,0.0,0.0,0.0,1.879,-0.076,0.0,0.0,3.284,0.0,0.0,0.0,1.0,2.997,2.375,0.0,7.074,0.0,0.0,2
3.414,2.3729,0.0,0.0,0.0,0.0,0.0,30.0,1.0,1.0,0.0,0.0,2.263,1.0,7.408,1.0,0.998,1.146,0.0,0.0,0.0,1.142,0.0,0.0,0.0,0.0,1.618,-0.589,0.0,9.174,1.707,0.0,0.0,0.0,0.0,3.038,3.125,0.0,6.735,0.0,0.0,2
4.393,3.6458,0.0,0.0,0.0,0.0,0.0,37.0,3.0,1.0,0.0,2.487,3.233,2.187,9.562,1.0,0.978,1.131,0.0,0.0,0.0,1.259,0.0,0.0,0.0,0.0,2.048,0.013,0.0,10.02,3.684,0.0,0.0,0.0,0.0,3.39,2.303,0.0,8.029,0.0,0.0,2
4.562,3.3225,0.0,0.0,0.0,0.0,0.0,31.3,3.0,1.0,0.0,0.259,2.634,0.918,9.184,2.0,0.984,1.143,0.0,0.0,0.0,1.206,0.0,0.0,0.0,0.0,2.0,-0.218,0.0,10.144,1.521,0.0,0.0,0.0,0.0,3.375,2.667,0.0,7.403,0.0,0.0,2
4.0,2.9193,0.0,0.0,0.0,0.0,0.0,30.0,2.0,1.0,0.0,0.167,2.279,0.811,8.318,0.0,0.998,1.146,0.0,0.0,0.0,1.195,0.0,0.0,0.0,0.0,1.732,-0.596,0.0,9.444,1.0,0.0,0.0,0.0,0.0,3.261,3.167,0.0,7.097,0.0,0.0,2
4.694,3.646,0.0,0.0,0.0,0.0,0.0,30.0,2.0,2.0,0.0,-0.671,2.917,1.406,9.425,4.0,0.998,1.146,0.0,0.0,0.0,1.14,0.0,0.0,0.0,0.0,2.101,-0.077,0.0,10.162,1.631,0.0,0.0,0.0,1.0,3.417,2.875,0.0,7.595,0.0,0.0,2
4.236,2.9879,0.0,0.0,0.0,0.0,0.0,33.3,0.0,2.0,0.0,-0.653,3.974,3.574,10.082,2.0,0.972,1.138,0.0,0.0,0.0,1.205,0.0,0.0,0.0,0.0,1.996,0.0,0.0,10.389,10.108,0.0,0.0,0.0,1.0,3.329,1.987,0.0,8.414,0.0,0.0,2
4.17,3.4453,0.0,0.0,0.0,0.0,0.0,27.3,1.0,2.0,0.0,-0.245,2.512,0.971,8.597,1.0,1.028,1.151,0.0,0.0,0.0,1.112,0.0,0.0,0.0,0.0,1.848,0.425,0.0,9.59,1.542,0.0,0.0,0.0,0.0,3.337,3.233,0.0,7.294,0.0,0.0,2
4.214,3.3939,0.0,0.0,0.0,0.0,0.0,28.6,2.0,2.0,0.0,-0.211,2.662,1.459,8.755,1.0,1.014,1.149,0.0,0.0,0.0,1.138,0.0,0.0,0.0,0.0,1.902,-0.249,0.0,9.822,2.052,0.0,0.0,0.0,0.0,3.344,2.944,0.0,7.382,0.0,0.0,2
4.214,3.7074,0.0,0.0,0.0,0.0,0.0,33.3,1.0,2.0,0.0,-0.329,2.713,1.459,8.755,1.0,1.025,1.139,0.0,0.0,0.0,1.186,0.0,0.0,0.0,0.0,1.902,-0.263,0.0,9.75,2.052,0.0,0.0,0.0,0.0,3.38,3.194,0.0,7.543,0.0,0.0,2
4.233,3.4039,0.0,0.0,0.0,0.0,0.0,27.8,1.0,3.0,0.0,-0.262,2.938,1.906,9.011,1.0,1.022,1.15,0.0,0.0,0.0,1.119,0.0,0.0,0.0,0.0,1.95,-0.087,0.0,10.041,2.999,0.0,0.0,0.0,0.0,3.349,2.833,0.0,7.61,0.0,0.0,2
4.334,3.6943,0.0,0.0,0.0,0.0,0.0,33.3,1.0,2.0,0.0,-0.241,2.838,1.557,8.944,3.0,1.013,1.139,0.0,0.0,0.0,1.164,0.0,0.0,0.0,0.0,1.97,0.149,0.0,10.118,2.195,0.0,0.0,0.0,0.0,3.39,2.952,0.0,7.596,0.0,0.0,2
4.372,3.3652,0.0,0.0,0.0,0.0,0.0,33.3,1.0,2.0,0.0,-0.177,3.139,2.246,9.253,3.0,0.993,1.139,0.0,0.0,0.0,1.186,0.0,0.0,0.0,0.0,2.024,-0.025,0.0,10.624,3.412,0.0,0.0,0.0,0.0,3.394,2.517,0.0,7.788,0.0,0.0,2
5.392,4.5881,0.0,0.0,0.0,1.0,0.0,30.8,6.0,3.0,0.0,-0.209,3.517,1.907,10.633,13.0,0.989,1.144,0.0,0.0,0.0,1.169,0.0,0.0,0.0,0.0,2.314,0.001,0.0,11.278,3.598,0.0,0.0,0.0,1.0,3.503,2.461,0.0,8.269,0.0,0.0,2
4.446,3.6985,0.0,0.0,0.0,0.0,0.0,30.0,0.0,4.0,0.0,-0.796,3.192,1.922,9.523,6.0,1.036,1.146,0.0,0.0,0.0,1.116,0.0,0.0,0.0,0.0,2.061,-0.028,0.0,20.804,3.132,0.0,0.0,0.0,0.0,3.431,3.133,0.0,8.008,0.0,0.0,2
4.411,3.5866,0.0,0.0,0.0,0.0,0.0,31.8,2.0,4.0,0.0,-0.328,3.699,2.948,9.956,8.0,0.995,1.142,0.0,0.0,0.0,1.164,0.0,0.0,0.0,0.0,2.08,0.0,0.0,22.47,6.131,0.0,0.0,0.0,0.0,3.393,2.407,0.0,8.325,0.0,0.0,2
4.527,3.7942,0.0,0.0,0.0,0.0,0.0,32.5,4.0,4.0,0.0,-0.117,4.14,3.427,10.56,10.0,0.981,1.14,0.0,0.0,0.0,1.184,0.0,0.0,0.0,0.0,2.13,0.0,0.0,23.699,9.594,0.0,0.0,0.0,0.0,3.393,2.086,0.0,8.693,0.0,0.0,2
4.347,3.1269,0.0,0.0,0.0,0.0,0.0,33.3,1.0,2.0,0.0,-0.076,3.809,3.309,9.933,3.0,0.975,1.138,0.0,0.0,0.0,1.202,0.0,0.0,0.0,0.0,2.019,0.0,0.0,10.914,8.395,0.0,0.0,0.0,0.0,3.358,1.96,0.0,8.298,0.0,0.0,2
4.562,3.8122,0.0,0.0,0.0,0.0,0.0,33.3,1.0,2.0,0.0,-0.759,2.723,0.918,9.184,4.0,1.025,1.139,0.0,0.0,0.0,1.179,0.0,0.0,0.0,0.0,2.0,-0.258,0.0,9.6,1.521,0.0,0.0,0.0,1.0,3.511,3.556,0.0,7.676,0.0,0.0,2
4.629,4.0061,0.0,0.0,0.0,0.0,0.0,33.3,1.0,2.0,0.0,0.086,2.847,1.379,9.312,5.0,1.013,1.139,0.0,0.0,0.0,1.189,0.0,0.0,0.0,0.0,2.053,0.149,0.0,10.19,1.776,0.0,0.0,0.0,0.0,3.523,2.976,0.0,7.747,0.0,0.0,2
4.655,2.409,0.0,0.0,0.0,0.0,0.0,35.0,1.0,3.0,0.0,0.094,3.204,2.182,9.765,6.0,1.02,1.135,0.0,0.0,0.0,1.157,1.0,0.0,0.0,0.0,2.256,0.014,0.0,10.698,2.989,0.0,0.0,0.0,0.0,3.542,2.667,0.0,8.185,0.0,0.0,2
4.644,3.9071,0.0,0.0,0.0,0.0,0.0,31.6,2.0,3.0,0.0,-0.104,3.082,1.837,9.467,5.0,1.021,1.142,0.0,0.0,0.0,1.149,0.0,0.0,0.0,0.0,2.084,0.049,0.0,10.469,2.732,0.0,0.0,0.0,1.0,3.525,3.093,0.0,7.886,0.0,0.0,2
4.646,3.9619,0.0,0.0,0.0,0.0,0.0,34.3,2.0,5.0,0.0,-0.189,3.707,2.587,10.202,10.0,1.017,1.137,0.0,0.0,0.0,1.184,0.0,0.0,0.0,0.0,2.107,0.0,0.0,21.879,6.086,0.0,0.0,0.0,0.0,3.535,2.775,0.0,8.578,0.0,0.0,2
4.468,4.1984,0.0,0.0,0.0,0.0,0.0,33.3,2.0,4.0,0.0,-1.073,3.37,2.252,9.651,6.0,1.025,1.139,0.0,0.0,0.0,1.158,0.0,0.0,0.0,0.0,2.085,-0.008,0.0,21.27,3.737,0.0,0.0,0.0,0.0,3.534,2.944,0.0,8.196,0.0,0.0,2
4.562,3.7287,2.0,0.0,0.0,0.0,0.0,25.0,1.0,2.0,0.0,-1.21,3.184,0.918,9.184,0.0,1.134,1.142,0.0,0.0,0.0,1.19,0.0,0.0,0.0,0.0,2.0,-0.271,0.0,9.435,1.521,0.0,0.0,0.0,1.0,3.976,4.037,0.0,8.593,0.0,2.0,2
5.206,3.3847,0.0,0.0,1.0,0.0,0.0,30.8,1.0,2.0,1.0,-0.947,3.713,2.9,10.416,0.0,0.979,1.145,0.0,0.0,0.0,1.187,0.0,0.0,0.0,0.0,2.218,0.0,0.0,10.57,6.77,0.0,0.0,2.0,0.0,3.47,2.167,1.0,8.295,0.0,0.0,2
4.691,3.8787,0.0,0.0,0.0,0.0,0.0,25.0,0.0,4.0,1.0,-2.498,3.125,1.436,9.666,4.0,1.066,1.161,0.0,0.0,0.0,1.078,0.0,0.0,0.0,0.0,2.117,0.052,0.0,19.617,2.428,0.0,0.0,2.0,4.0,3.483,4.019,1.0,8.015,0.0,0.0,2
4.17,3.6206,0.0,0.0,0.0,0.0,0.0,28.6,0.0,3.0,0.0,-1.426,2.612,0.971,8.597,0.0,1.124,1.149,0.0,0.0,0.0,1.095,0.0,0.0,0.0,0.0,1.848,0.481,0.0,17.905,1.542,0.0,0.0,0.0,1.0,3.427,4.733,0.0,7.521,0.0,0.0,2
4.214,3.3376,0.0,0.0,0.0,0.0,0.0,33.3,0.0,2.0,1.0,-1.072,2.774,1.459,8.755,2.0,1.071,1.148,0.0,0.0,0.0,1.187,0.0,0.0,0.0,0.0,1.902,-0.277,0.0,9.377,2.052,0.0,0.0,1.0,1.0,3.423,4.111,1.0,7.746,0.0,0.0,2
5.206,3.5794,0.0,0.0,1.0,0.0,0.0,30.6,1.0,3.0,3.0,-0.919,3.965,3.189,10.627,2.0,0.985,1.147,0.0,0.0,0.0,1.18,0.0,0.0,0.0,0.0,2.22,0.0,0.0,22.35,8.266,0.0,0.0,4.0,1.0,3.473,2.306,2.0,8.611,0.0,0.0,2
4.17,2.6629,0.0,0.0,0.0,0.0,0.0,26.7,3.0,1.0,0.0,0.0,2.4,0.971,8.597,2.0,0.983,1.152,0.0,0.0,0.0,1.12,0.0,0.0,0.0,0.0,1.848,0.342,0.0,0.0,1.542,0.0,0.0,0.0,1.0,3.0,2.567,0.0,6.683,0.0,0.0,2
5.175,3.9016,0.0,0.0,0.0,1.0,0.0,29.6,3.0,3.0,0.0,-0.239,3.227,1.859,10.165,3.0,1.002,1.146,0.0,0.0,0.0,1.146,0.0,0.0,0.0,0.0,2.175,0.014,0.0,10.355,3.341,0.0,0.0,0.0,0.0,3.389,2.538,0.0,7.979,0.0,0.0,2
4.642,3.0034,0.0,0.0,0.0,0.0,2.0,42.1,1.0,1.0,0.0,0.0,3.093,1.187,9.631,2.0,0.987,1.12,0.0,0.0,0.0,1.256,1.0,0.0,0.0,0.0,2.2,-0.024,0.0,0.0,1.487,0.0,1.0,0.0,1.0,3.639,2.315,0.0,8.009,0.0,0.0,2
4.607,2.9443,0.0,0.0,0.0,0.0,2.0,42.1,1.0,1.0,0.0,0.0,3.093,1.187,9.631,2.0,0.987,1.12,0.0,0.0,0.0,1.242,1.0,0.0,0.0,0.0,2.194,-0.024,0.0,0.0,1.544,0.0,1.0,0.0,1.0,3.635,2.315,0.0,8.009,0.0,0.0,2
4.807,3.2486,0.0,0.0,0.0,0.0,3.0,42.1,2.0,1.0,0.0,0.0,3.1,0.881,9.833,3.0,0.987,1.12,0.0,0.0,0.0,1.272,1.0,0.0,0.0,0.0,2.246,-0.024,0.0,0.0,1.06,0.0,1.0,0.0,1.0,3.71,2.333,0.0,8.114,0.0,0.0,2
4.828,3.3386,0.0,0.0,0.0,0.0,2.0,40.0,0.0,2.0,0.0,0.0,3.203,1.261,9.749,4.0,1.004,1.125,0.0,0.0,0.0,1.219,1.0,0.0,0.0,0.0,2.247,0.014,0.0,0.0,1.436,0.0,2.0,0.0,0.0,3.677,2.233,0.0,8.114,0.0,0.0,2
4.543,2.7023,0.0,0.0,0.0,0.0,1.0,42.9,1.0,2.0,0.0,-0.242,3.309,1.705,9.722,3.0,1.003,1.119,0.0,0.0,0.0,1.241,1.0,0.0,0.0,0.0,2.166,-0.008,0.0,10.395,2.905,0.0,0.0,0.0,0.0,3.573,2.485,0.0,8.245,0.0,0.0,2
4.521,2.7124,0.0,0.0,0.0,0.0,1.0,45.0,1.0,1.0,0.0,0.0,3.203,1.661,9.466,1.0,0.987,1.114,0.0,0.0,0.0,1.268,1.0,0.0,0.0,0.0,2.154,0.014,0.0,0.0,2.593,0.0,0.0,0.0,1.0,3.587,2.317,0.0,8.061,0.0,0.0,2
4.607,3.1116,0.0,0.0,0.0,0.0,2.0,46.7,0.0,2.0,0.0,0.0,3.151,1.187,9.631,4.0,1.02,1.111,0.0,0.0,0.0,1.253,1.0,0.0,0.0,0.0,2.194,-0.026,0.0,10.036,1.544,0.0,1.0,0.0,1.0,3.662,2.926,0.0,8.143,0.0,0.0,2
4.863,3.3599,0.0,0.0,0.0,0.0,3.0,42.1,0.0,3.0,0.0,0.0,3.335,1.273,9.967,6.0,1.027,1.12,0.0,0.0,0.0,1.216,1.0,0.0,0.0,0.0,2.283,-0.008,0.0,10.249,1.568,0.0,2.0,0.0,1.0,3.743,2.864,0.0,8.33,0.0,0.0,2
4.923,3.2457,0.0,0.0,0.0,0.0,2.0,44.4,1.0,2.0,0.0,-0.863,3.239,1.185,9.911,4.0,1.011,1.116,0.0,0.0,0.0,1.248,1.0,0.0,0.0,0.0,2.267,0.014,0.0,10.422,1.563,0.0,0.0,0.0,1.0,3.73,2.8,0.0,8.28,0.0,0.0,2
5.068,3.3983,0.0,0.0,0.0,0.0,2.0,41.7,0.0,4.0,0.0,-1.1,3.571,1.59,10.257,10.0,1.03,1.121,0.0,0.0,0.0,1.202,1.0,0.0,0.0,0.0,2.343,0.001,0.0,22.449,2.147,0.0,0.0,0.0,0.0,3.793,2.833,0.0,8.593,2.0,0.0,2
5.074,3.092,0.0,0.0,0.0,0.0,2.0,38.1,4.0,4.0,0.0,-0.98,3.869,2.066,10.59,14.0,1.001,1.129,0.0,0.0,0.0,1.215,1.0,0.0,0.0,0.0,2.354,0.0,0.0,23.965,3.873,0.0,0.0,0.0,0.0,3.795,2.467,0.0,8.789,2.0,0.0,2
4.914,3.2253,0.0,0.0,0.0,0.0,2.0,41.7,0.0,4.0,0.0,-0.952,3.571,1.59,10.236,10.0,1.03,1.121,0.0,0.0,0.0,1.202,1.0,0.0,0.0,0.0,2.307,0.001,0.0,22.204,2.465,0.0,0.0,0.0,0.0,3.764,2.833,0.0,8.591,2.0,0.0,2
5.047,2.7377,0.0,0.0,0.0,0.0,3.0,50.0,0.0,5.0,0.0,-2.685,3.634,1.06,10.531,12.0,1.078,1.104,0.0,0.0,0.0,1.211,3.0,0.0,0.0,0.0,2.454,-0.001,0.0,32.533,1.75,0.0,0.0,0.0,1.0,3.906,3.321,0.0,8.796,2.0,0.0,2
4.793,2.1244,0.0,0.0,0.0,0.0,2.0,50.0,0.0,2.0,0.0,-0.288,3.699,0.5,10.239,7.0,0.998,1.104,0.0,0.0,0.0,1.28,2.0,0.0,0.0,0.0,2.247,0.0,0.0,11.596,3.928,0.0,0.0,0.0,0.0,3.681,2.313,0.0,8.7,1.0,0.0,2
4.77,3.1445,0.0,0.0,0.0,0.0,2.0,43.8,0.0,3.0,0.0,-0.986,3.261,1.185,9.882,6.0,1.04,1.117,0.0,0.0,0.0,1.207,1.0,0.0,0.0,0.0,2.236,0.015,0.0,10.231,1.74,0.0,1.0,0.0,2.0,3.712,3.2,0.0,8.3,0.0,0.0,2
5.313,3.4571,1.0,0.0,0.0,0.0,2.0,35.3,0.0,4.0,0.0,0.0,3.509,1.16,10.388,8.0,1.061,1.118,0.0,0.0,0.0,1.219,1.0,0.0,0.0,0.0,2.311,-0.008,0.0,20.836,1.833,0.0,2.0,0.0,2.0,4.735,3.477,0.0,9.513,0.0,0.0,2
4.77,2.5385,0.0,0.0,0.0,0.0,0.0,38.5,3.0,0.0,0.0,3.12,3.131,1.185,9.882,0.0,0.964,1.128,0.0,0.0,0.0,1.274,1.0,0.0,0.0,0.0,2.236,0.012,0.0,0.0,1.74,0.0,0.0,0.0,0.0,3.521,1.767,0.0,7.934,0.0,0.0,2
4.414,2.18,0.0,0.0,0.0,0.0,0.0,31.6,0.0,1.0,0.0,0.0,2.755,0.802,9.183,2.0,0.98,1.142,0.0,0.0,0.0,1.149,1.0,0.0,0.0,0.0,2.101,-0.066,0.0,0.0,0.975,0.0,0.0,0.0,1.0,3.159,2.119,0.0,7.119,0.0,0.0,2
4.821,2.5866,0.0,0.0,0.0,0.0,0.0,33.3,2.0,2.0,0.0,-0.135,3.232,1.455,9.928,4.0,0.99,1.139,0.0,0.0,0.0,1.189,1.0,0.0,0.0,0.0,2.249,-0.007,0.0,10.635,2.209,1.0,0.0,0.0,0.0,3.434,2.258,0.0,7.93,0.0,0.0,2
5.331,2.1747,1.0,0.0,0.0,0.0,3.0,47.4,0.0,4.0,0.0,0.0,4.133,0.393,10.867,15.0,1.009,1.102,0.0,0.0,0.0,1.3,3.0,0.0,0.0,0.0,2.37,0.0,0.0,13.055,2.694,0.0,3.0,0.0,0.0,4.44,2.318,0.0,9.576,0.0,0.0,2
4.607,3.0422,0.0,0.0,0.0,0.0,2.0,47.1,1.0,1.0,0.0,0.0,3.127,1.187,9.631,2.0,0.992,1.11,0.0,0.0,0.0,1.299,1.0,0.0,0.0,0.0,2.194,-0.025,0.0,10.118,1.544,0.0,0.0,0.0,0.0,3.651,2.481,0.0,8.116,0.0,0.0,2
5.814,2.4937,0.0,0.0,0.0,2.0,0.0,37.0,3.0,1.0,0.0,0.513,3.256,0.845,10.926,4.0,0.978,1.131,0.0,0.0,0.0,1.254,3.0,0.0,0.0,0.0,2.62,0.003,0.0,11.573,0.811,1.0,0.0,0.0,0.0,3.756,2.091,0.0,8.196,0.0,0.0,2
5.637,2.2966,0.0,0.0,0.0,1.0,0.0,38.5,3.0,0.0,0.0,1.646,3.144,0.853,10.63,0.0,0.964,1.128,0.0,0.0,0.0,1.267,3.0,0.0,0.0,0.0,2.554,-0.006,0.0,0.0,0.986,2.0,0.0,0.0,0.0,3.676,1.658,0.0,8.065,0.0,0.0,2
5.814,2.4328,0.0,0.0,0.0,2.0,0.0,34.5,3.0,1.0,0.0,0.0,3.227,0.845,10.926,4.0,0.975,1.136,0.0,0.0,0.0,1.223,3.0,0.0,0.0,0.0,2.62,0.003,0.0,0.0,0.811,1.0,0.0,0.0,1.0,3.693,1.97,0.0,8.05,0.0,0.0,2
4.732,2.9426,0.0,0.0,0.0,0.0,0.0,40.0,0.0,2.0,0.0,0.417,2.767,0.959,9.464,1.0,1.042,1.125,0.0,0.0,0.0,1.208,1.0,0.0,0.0,0.0,2.236,0.145,0.0,9.827,1.138,0.0,0.0,0.0,0.0,3.603,3.056,0.0,7.829,0.0,0.0,2
4.923,2.7291,0.0,0.0,0.0,0.0,2.0,50.0,0.0,2.0,0.0,-0.199,3.266,0.664,10.037,5.0,1.019,1.104,0.0,0.0,0.0,1.266,3.0,0.0,0.0,0.0,2.376,-0.008,0.0,10.843,1.057,0.0,0.0,0.0,0.0,3.783,2.5,0.0,8.33,1.0,0.0,2
4.414,3.2274,0.0,0.0,0.0,0.0,0.0,45.5,0.0,2.0,0.0,0.0,2.935,1.203,9.209,1.0,1.038,1.114,0.0,0.0,0.0,1.296,1.0,0.0,0.0,0.0,2.152,-0.085,0.0,9.774,1.496,0.0,0.0,0.0,0.0,3.67,2.881,0.0,8.002,0.0,0.0,2
4.414,2.3717,0.0,0.0,0.0,0.0,0.0,29.4,1.0,2.0,0.0,0.0,2.789,1.203,9.209,1.0,1.004,1.147,0.0,0.0,0.0,1.141,1.0,0.0,0.0,0.0,2.152,-0.074,0.0,0.0,1.496,0.0,0.0,0.0,1.0,3.238,2.405,0.0,7.243,0.0,0.0,2
4.982,2.8025,0.0,0.0,2.0,0.0,2.0,50.0,0.0,2.0,2.0,-0.601,3.38,0.762,10.226,6.0,1.033,1.109,0.0,0.0,0.0,1.261,3.0,0.0,0.0,0.0,2.424,0.004,0.0,21.888,1.027,0.0,0.0,2.0,1.0,3.853,2.833,1.0,8.508,0.0,0.0,2
4.651,2.7156,0.0,0.0,0.0,0.0,0.0,31.3,0.0,1.0,0.0,0.292,2.826,0.917,9.502,3.0,0.998,1.148,0.0,0.0,0.0,1.19,1.0,0.0,0.0,0.0,2.214,-0.074,0.0,10.5,0.918,0.0,0.0,2.0,0.0,3.482,2.452,1.0,7.624,0.0,0.0,2
4.802,3.0226,0.0,0.0,1.0,0.0,2.0,50.0,0.0,0.0,2.0,0.0,3.174,0.0,9.805,0.0,0.985,1.109,0.0,0.0,0.0,1.359,3.0,0.0,0.0,1.0,2.323,0.013,0.0,0.0,0.95,0.0,0.0,3.0,1.0,3.868,1.981,1.0,8.357,0.0,0.0,2
5.164,3.2947,1.0,0.0,0.0,0.0,0.0,23.1,0.0,3.0,0.0,0.0,3.108,0.917,9.968,4.0,1.055,1.138,0.0,0.0,0.0,1.188,1.0,0.0,0.0,0.0,2.256,-0.081,0.0,20.417,0.939,0.0,0.0,0.0,0.0,4.681,3.274,0.0,9.289,0.0,0.0,2
4.826,2.731,0.0,0.0,6.0,0.0,0.0,25.0,3.0,3.0,9.0,0.0,3.525,1.654,10.121,0.0,1.007,1.163,0.0,0.0,0.0,1.12,1.0,0.0,0.0,0.0,2.303,-0.001,0.0,0.0,1.916,0.0,0.0,3.0,3.0,3.396,2.5,3.0,8.023,0.0,0.0,2
4.829,2.9046,1.0,0.0,1.0,0.0,2.0,39.3,2.0,3.0,2.0,-0.664,3.786,1.875,10.281,6.0,1.025,1.127,0.0,0.0,0.0,1.227,1.0,0.0,0.0,0.0,2.284,0.0,0.0,22.271,3.31,0.0,1.0,3.0,1.0,3.74,2.736,1.0,8.888,1.0,1.0,2
5.439,2.3629,2.0,0.0,2.0,0.0,0.0,23.5,0.0,11.0,7.0,-0.945,4.381,1.871,11.509,12.0,1.055,1.155,0.0,0.0,0.0,1.154,2.0,0.0,0.0,0.0,2.466,0.0,0.0,35.388,5.533,0.0,0.0,4.0,5.0,4.61,3.182,4.0,9.993,0.0,0.0,2
4.739,2.6454,0.0,0.0,2.0,0.0,1.0,39.1,0.0,2.0,1.0,-0.959,3.394,1.695,9.972,2.0,1.008,1.13,0.0,0.0,0.0,1.218,1.0,0.0,0.0,0.0,2.212,0.004,0.0,10.379,2.815,0.0,0.0,2.0,3.0,3.585,2.764,1.0,8.319,0.0,0.0,2
4.659,3.7176,2.0,0.0,0.0,0.0,0.0,23.1,0.0,4.0,0.0,-2.138,3.714,2.128,10.094,4.0,1.042,1.144,0.0,0.0,0.0,1.174,0.0,0.0,0.0,0.0,2.125,-0.002,0.0,20.538,4.56,0.0,0.0,4.0,6.0,4.061,3.333,2.0,8.992,0.0,0.0,2
3.975,2.8897,0.0,0.0,0.0,0.0,0.0,32.3,2.0,0.0,0.0,0.0,3.699,3.322,9.707,0.0,0.961,1.141,0.0,0.0,0.0,1.209,0.0,0.0,0.0,0.0,1.978,0.0,0.0,0.0,8.122,0.0,0.0,0.0,0.0,2.994,1.55,0.0,7.896,0.0,0.0,2
4.17,2.607,0.0,0.0,0.0,0.0,0.0,25.0,3.0,0.0,2.0,0.0,2.373,0.971,8.597,0.0,0.97,1.161,0.0,0.0,0.0,1.133,0.0,0.0,0.0,0.0,1.848,0.322,0.0,0.0,1.542,0.0,0.0,1.0,2.0,2.983,2.167,1.0,6.635,0.0,0.0,2
3.0,1.8227,0.0,0.0,0.0,0.0,0.0,20.0,0.0,0.0,0.0,0.0,1.883,0.918,6.594,0.0,0.975,1.174,0.0,0.0,0.0,1.126,0.0,0.0,0.0,0.0,1.414,0.764,0.0,0.0,1.333,0.0,0.0,0.0,1.0,2.642,2.167,1.0,5.834,0.0,0.0,2
3.618,2.3911,0.0,0.0,0.0,0.0,0.0,25.0,2.0,0.0,0.0,0.0,2.359,1.522,7.853,0.0,0.97,1.161,0.0,0.0,0.0,1.129,0.0,0.0,0.0,0.0,1.732,0.33,0.0,0.0,2.094,0.0,0.0,2.0,1.0,2.848,1.9,1.0,6.432,0.0,0.0,2
3.0,1.8205,0.0,0.0,0.0,0.0,0.0,22.2,2.0,1.0,0.0,0.0,1.926,0.918,6.594,0.0,0.998,1.162,0.0,0.0,0.0,1.06,0.0,0.0,0.0,0.0,1.414,0.826,0.0,0.0,1.333,0.0,0.0,0.0,1.0,2.651,3.167,0.0,5.86,0.0,0.0,2
4.0,2.5101,0.0,0.0,0.0,0.0,0.0,25.0,2.0,1.0,0.0,0.0,2.199,0.811,8.318,0.0,0.988,1.156,0.0,0.0,0.0,1.118,0.0,0.0,0.0,0.0,1.732,-0.552,0.0,0.0,1.0,0.0,0.0,0.0,1.0,2.97,2.833,0.0,6.539,0.0,0.0,2
4.444,3.1402,0.0,0.0,0.0,0.0,0.0,29.6,3.0,1.0,0.0,0.0,2.946,1.891,9.202,2.0,0.973,1.146,0.0,0.0,0.0,1.16,0.0,0.0,0.0,0.0,2.042,0.038,0.0,0.0,2.602,0.0,0.0,0.0,1.0,3.096,2.093,0.0,7.197,0.0,0.0,2
3.879,2.6274,0.0,0.0,0.0,0.0,0.0,29.6,2.0,1.0,0.0,0.0,2.938,2.281,8.743,1.0,0.973,1.146,0.0,0.0,0.0,1.161,0.0,0.0,0.0,0.0,1.902,0.039,0.0,0.0,3.685,0.0,0.0,0.0,1.0,2.936,2.056,0.0,7.087,0.0,0.0,2
3.95,2.7989,0.0,0.0,0.0,0.0,0.0,31.0,2.0,1.0,0.0,0.0,3.364,2.807,9.296,1.0,0.969,1.143,0.0,0.0,0.0,1.18,0.0,0.0,0.0,0.0,1.956,-0.002,0.0,0.0,5.698,0.0,0.0,0.0,1.0,2.976,1.857,0.0,7.552,0.0,0.0,2
5.391,3.7046,1.0,0.0,0.0,0.0,0.0,26.7,8.0,4.0,0.0,0.0,3.838,1.735,10.648,12.0,0.979,1.139,0.0,0.0,0.0,1.532,0.0,0.0,0.0,0.0,2.358,0.0,0.0,0.0,1.69,0.0,0.0,0.0,0.0,5.127,2.108,0.0,9.921,0.0,0.0,2
3.732,2.477,0.0,0.0,0.0,0.0,0.0,25.0,2.0,2.0,0.0,0.0,2.597,1.585,8.16,2.0,1.005,1.156,0.0,0.0,0.0,1.069,0.0,0.0,0.0,0.0,1.802,-0.229,0.0,0.0,2.488,0.0,0.0,0.0,2.0,2.897,3.0,0.0,6.732,0.0,0.0,2
3.973,3.0163,0.0,0.0,0.0,0.0,0.0,32.7,2.0,1.0,0.0,0.0,3.68,3.301,9.649,1.0,0.968,1.14,0.0,0.0,0.0,1.202,0.0,0.0,0.0,0.0,1.975,0.0,0.0,0.0,7.718,0.0,0.0,0.0,1.0,3.129,1.816,0.0,7.984,0.0,0.0,2
3.414,2.4719,0.0,0.0,0.0,0.0,0.0,30.0,1.0,1.0,0.0,0.0,2.263,1.0,7.408,1.0,0.998,1.146,0.0,0.0,0.0,1.141,0.0,0.0,0.0,0.0,1.618,-0.611,0.0,0.0,1.707,0.0,0.0,0.0,1.0,2.974,3.125,0.0,6.631,0.0,0.0,2
3.414,2.1848,0.0,0.0,0.0,0.0,0.0,18.2,2.0,1.0,0.0,0.0,2.211,1.0,7.408,0.0,1.007,1.178,0.0,0.0,0.0,0.999,0.0,0.0,0.0,0.0,1.618,-0.603,0.0,0.0,1.707,0.0,0.0,1.0,3.0,2.79,3.25,1.0,6.251,0.0,0.0,2
4.334,3.1387,0.0,0.0,0.0,0.0,0.0,26.3,2.0,2.0,0.0,0.0,2.746,1.557,8.944,2.0,0.998,1.153,0.0,0.0,0.0,1.099,0.0,0.0,0.0,0.0,1.97,0.135,0.0,0.0,2.195,0.0,0.0,0.0,1.0,3.114,2.548,0.0,7.098,0.0,0.0,2
3.0,2.311,0.0,0.0,0.0,0.0,0.0,28.6,1.0,1.0,0.0,0.0,2.03,0.918,6.594,0.0,1.014,1.149,0.0,0.0,0.0,1.177,0.0,0.0,0.0,0.0,1.414,0.903,0.0,8.806,1.333,0.0,0.0,0.0,0.0,2.991,3.667,0.0,6.578,0.0,0.0,2
4.17,2.8963,0.0,0.0,0.0,0.0,0.0,30.8,2.0,1.0,0.0,0.0,2.466,0.971,8.597,2.0,0.989,1.144,0.0,0.0,0.0,1.196,0.0,0.0,0.0,0.0,1.848,0.363,0.0,9.505,1.542,0.0,0.0,0.0,0.0,3.18,2.867,0.0,7.056,0.0,0.0,2
4.414,3.1682,0.0,0.0,0.0,0.0,0.0,31.6,3.0,1.0,0.0,0.287,2.768,1.379,9.222,1.0,0.98,1.142,0.0,0.0,0.0,1.224,0.0,0.0,0.0,0.0,2.0,0.126,0.0,10.254,2.133,0.0,0.0,0.0,0.0,3.325,2.5,0.0,7.473,0.0,0.0,2
4.414,3.4137,0.0,0.0,0.0,0.0,0.0,33.3,2.0,2.0,0.0,-0.125,2.847,1.379,9.222,2.0,1.013,1.139,0.0,0.0,0.0,1.209,0.0,0.0,0.0,0.0,2.0,0.144,0.0,20.067,2.133,0.0,0.0,0.0,0.0,3.426,3.262,0.0,7.758,0.0,0.0,2
4.236,3.1869,0.0,0.0,0.0,0.0,0.0,34.6,1.0,2.0,0.0,-0.671,3.78,3.284,9.867,2.0,0.977,1.136,0.0,0.0,0.0,1.212,0.0,0.0,0.0,0.0,1.993,0.0,0.0,10.319,8.066,0.0,0.0,0.0,1.0,3.33,2.133,0.0,8.337,0.0,0.0,2
4.523,4.0241,0.0,0.0,0.0,0.0,0.0,31.6,2.0,3.0,0.0,-0.913,3.082,1.837,9.454,6.0,1.021,1.142,0.0,0.0,0.0,1.121,0.0,0.0,0.0,0.0,2.074,0.048,0.0,20.676,2.57,0.0,0.0,0.0,0.0,3.494,3.093,0.0,7.912,0.0,0.0,2
4.475,3.5408,0.0,0.0,0.0,0.0,0.0,32.4,2.0,4.0,0.0,-0.855,4.103,3.664,10.32,6.0,0.982,1.14,0.0,0.0,0.0,1.181,0.0,0.0,0.0,0.0,2.105,0.0,0.0,23.157,9.847,0.0,0.0,0.0,0.0,3.474,2.083,0.0,8.622,0.0,0.0,2
4.836,5.6969,0.0,0.0,0.0,0.0,0.0,32.5,6.0,6.0,0.0,-0.851,4.293,2.929,10.906,17.0,0.989,1.14,0.0,0.0,0.0,1.178,0.0,0.0,0.0,0.0,2.262,0.0,0.0,37.824,4.685,0.0,0.0,0.0,0.0,3.526,2.268,0.0,8.951,0.0,0.0,2
4.476,3.7418,0.0,0.0,0.0,0.0,0.0,30.0,3.0,2.0,0.0,-0.195,2.917,1.5,9.345,2.0,0.998,1.146,0.0,0.0,0.0,1.153,0.0,0.0,0.0,0.0,2.042,-0.079,0.0,10.191,2.34,0.0,0.0,0.0,0.0,3.389,2.625,0.0,7.628,0.0,0.0,2
4.235,3.3919,0.0,0.0,0.0,0.0,0.0,28.6,2.0,3.0,0.0,-0.255,3.039,1.975,9.118,1.0,1.014,1.149,0.0,0.0,0.0,1.124,0.0,0.0,0.0,0.0,1.962,0.048,0.0,10.129,3.449,0.0,0.0,0.0,0.0,3.35,2.685,0.0,7.677,0.0,0.0,2
4.38,3.3996,0.0,0.0,0.0,0.0,0.0,30.8,1.0,4.0,0.0,-1.068,3.345,2.252,9.625,5.0,1.019,1.144,0.0,0.0,0.0,1.138,0.0,0.0,0.0,0.0,2.044,-0.008,0.0,20.772,4.178,0.0,0.0,0.0,1.0,3.379,3.028,0.0,8.09,0.0,0.0,2
4.412,3.4435,0.0,0.0,0.0,0.0,0.0,33.9,2.0,4.0,0.0,-0.268,4.587,4.437,10.757,8.0,0.974,1.137,0.0,0.0,0.0,1.208,0.0,0.0,0.0,0.0,2.086,0.0,0.0,23.892,17.114,0.0,0.0,0.0,0.0,3.395,1.899,0.0,9.075,0.0,0.0,2
4.243,3.0402,0.0,0.0,0.0,0.0,0.0,31.3,0.0,4.0,0.0,-1.48,3.477,2.522,9.716,4.0,1.008,1.143,0.0,0.0,0.0,1.139,0.0,0.0,0.0,0.0,2.0,-0.002,0.0,20.288,5.475,0.0,0.0,0.0,2.0,3.337,2.952,0.0,8.169,0.0,0.0,2
4.237,3.0152,0.0,0.0,0.0,0.0,0.0,31.8,0.0,4.0,0.0,-1.396,3.699,2.948,9.917,4.0,0.995,1.142,0.0,0.0,0.0,1.158,0.0,0.0,0.0,0.0,2.0,0.0,0.0,20.53,7.174,0.0,0.0,0.0,2.0,3.335,2.63,0.0,8.317,0.0,0.0,2
4.412,3.7308,0.0,0.0,0.0,0.0,0.0,30.6,2.0,8.0,0.0,-0.554,4.201,3.774,10.379,8.0,1.002,1.144,0.0,0.0,0.0,1.146,0.0,0.0,0.0,0.0,2.085,0.0,0.0,23.21,10.723,0.0,0.0,0.0,0.0,3.397,2.311,0.0,8.752,0.0,0.0,2
4.544,3.9936,0.0,0.0,0.0,0.0,0.0,30.4,2.0,4.0,0.0,-1.072,3.272,2.187,9.59,6.0,1.027,1.145,0.0,0.0,0.0,1.142,0.0,0.0,0.0,0.0,2.101,0.015,0.0,21.21,3.207,0.0,0.0,0.0,0.0,3.486,2.985,0.0,8.051,0.0,0.0,2
4.399,3.455,1.0,0.0,0.0,0.0,0.0,32.3,2.0,4.0,0.0,-0.228,4.363,4.044,10.513,8.0,0.979,1.138,0.0,0.0,0.0,1.202,0.0,0.0,0.0,0.0,2.08,0.0,0.0,23.602,12.745,0.0,0.0,0.0,0.0,3.645,1.976,0.0,9.017,0.0,0.0,2
4.706,4.2802,0.0,0.0,0.0,0.0,0.0,30.0,2.0,4.0,0.0,-1.853,3.192,1.922,9.565,2.0,1.036,1.146,0.0,0.0,0.0,1.13,0.0,0.0,0.0,0.0,2.127,-0.028,0.0,20.872,2.691,0.0,0.0,0.0,0.0,3.586,3.133,0.0,8.016,0.0,0.0,2
4.67,4.0218,0.0,0.0,0.0,0.0,0.0,33.3,3.0,2.0,0.0,0.218,3.447,2.21,9.961,7.0,0.983,1.139,0.0,0.0,0.0,1.203,0.0,0.0,0.0,0.0,2.147,-0.002,0.0,11.115,3.769,0.0,0.0,0.0,0.0,3.53,2.262,0.0,8.143,0.0,0.0,2
4.644,3.7043,0.0,0.0,0.0,0.0,0.0,33.3,2.0,2.0,0.0,0.185,3.146,1.922,9.536,6.0,0.993,1.139,0.0,0.0,0.0,1.197,0.0,0.0,0.0,0.0,2.089,-0.025,0.0,10.696,3.237,0.0,0.0,0.0,0.0,3.525,2.533,0.0,7.913,0.0,0.0,2
4.644,3.122,0.0,0.0,0.0,0.0,0.0,33.3,2.0,2.0,0.0,0.238,3.939,3.418,10.195,6.0,0.973,1.138,0.0,0.0,0.0,1.21,0.0,0.0,0.0,0.0,2.094,0.0,0.0,11.181,9.52,0.0,0.0,0.0,0.0,3.525,1.931,0.0,8.459,0.0,0.0,2
4.343,3.9399,0.0,0.0,0.0,0.0,0.0,33.3,0.0,4.0,0.0,-2.514,3.047,1.5,9.309,4.0,1.09,1.139,0.0,0.0,0.0,1.108,0.0,0.0,0.0,0.0,2.0,-0.097,0.0,19.107,2.682,0.0,0.0,0.0,2.0,3.519,4.167,0.0,8.016,0.0,0.0,2
4.17,3.2723,0.0,0.0,0.0,0.0,0.0,22.2,1.0,3.0,0.0,-1.19,2.555,0.971,8.597,0.0,1.083,1.162,0.0,0.0,0.0,1.018,0.0,0.0,0.0,0.0,1.848,0.46,0.0,9.118,1.542,0.0,0.0,0.0,2.0,3.333,4.433,0.0,7.299,0.0,0.0,2
4.588,4.0275,0.0,0.0,0.0,0.0,0.0,32.0,3.0,3.0,0.0,-0.579,3.256,1.859,9.768,5.0,1.007,1.141,0.0,0.0,0.0,1.174,0.0,0.0,0.0,0.0,2.12,0.014,0.0,21.203,3.114,0.0,0.0,0.0,0.0,3.48,2.833,0.0,8.066,0.0,0.0,2
4.17,3.3821,0.0,0.0,0.0,0.0,0.0,40.0,1.0,0.0,2.0,0.56,2.559,0.971,8.597,0.0,0.987,1.133,0.0,0.0,0.0,1.332,0.0,0.0,0.0,0.0,1.848,0.401,0.0,0.0,1.542,0.0,0.0,1.0,0.0,3.452,3.033,1.0,7.564,0.0,0.0,2
5.098,3.8431,1.0,0.0,0.0,0.0,0.0,17.6,0.0,3.0,0.0,0.0,3.176,1.5,9.872,3.0,1.041,1.159,0.0,0.0,0.0,1.131,0.0,0.0,0.0,0.0,2.112,-0.085,0.0,19.811,2.472,0.0,0.0,1.0,2.0,4.692,3.552,1.0,9.315,0.0,0.0,2
4.214,3.5181,1.0,0.0,0.0,0.0,0.0,27.3,1.0,2.0,0.0,-0.738,2.953,1.459,8.755,1.0,1.057,1.146,0.0,0.0,0.0,1.174,0.0,0.0,1.0,0.0,1.902,-0.263,0.0,9.587,2.052,0.0,0.0,0.0,0.0,3.815,3.296,0.0,8.172,0.0,1.0,2
5.098,3.1338,1.0,0.0,0.0,0.0,0.0,27.3,1.0,4.0,0.0,0.0,3.72,2.911,10.229,4.0,0.992,1.145,0.0,0.0,0.0,1.168,0.0,0.0,0.0,0.0,2.121,0.0,0.0,10.364,6.651,0.0,0.0,0.0,2.0,4.45,2.459,0.0,9.153,0.0,0.0,2
4.372,3.4629,0.0,0.0,0.0,0.0,0.0,38.5,2.0,0.0,0.0,2.495,3.129,1.922,9.494,0.0,0.964,1.128,0.0,0.0,0.0,1.288,0.0,0.0,0.0,0.0,2.031,-0.023,0.0,0.0,3.412,0.0,0.0,0.0,0.0,3.363,2.033,0.0,7.909,0.0,0.0,2
4.17,2.2197,0.0,0.0,0.0,0.0,0.0,27.3,1.0,2.0,0.0,0.0,2.507,1.393,8.723,1.0,1.028,1.151,0.0,0.0,0.0,1.018,1.0,0.0,0.0,0.0,2.214,-0.228,0.0,0.0,1.542,0.0,0.0,0.0,1.0,3.325,2.767,0.0,7.303,0.0,0.0,2
3.802,2.8425,0.0,0.0,0.0,0.0,0.0,31.6,2.0,1.0,0.0,0.0,2.746,1.95,8.394,1.0,0.98,1.142,0.0,0.0,0.0,1.169,0.0,0.0,0.0,0.0,1.848,0.129,0.0,0.0,2.885,0.0,0.0,0.0,1.0,3.104,2.357,0.0,7.119,0.0,0.0,2
4.235,3.0785,0.0,0.0,0.0,0.0,0.0,28.0,2.0,2.0,0.0,0.0,2.975,1.975,9.118,2.0,0.989,1.15,0.0,0.0,0.0,1.137,0.0,0.0,0.0,0.0,1.962,0.043,0.0,0.0,3.449,0.0,0.0,0.0,1.0,3.112,2.315,0.0,7.316,0.0,0.0,2
4.752,3.995,0.0,0.0,0.0,0.0,0.0,31.0,4.0,6.0,0.0,-0.307,3.987,3.022,10.465,10.0,1.0,1.143,0.0,0.0,0.0,1.149,0.0,0.0,0.0,0.0,2.161,0.0,0.0,23.23,8.486,0.0,0.0,0.0,0.0,3.451,2.375,0.0,8.618,0.0,0.0,2
4.618,4.7233,0.0,0.0,0.0,0.0,0.0,33.3,2.0,4.0,0.0,-1.035,3.305,1.79,9.768,6.0,1.035,1.139,0.0,0.0,0.0,1.163,0.0,0.0,0.0,0.0,2.136,0.016,0.0,20.666,2.612,0.0,0.0,0.0,0.0,3.493,3.152,0.0,8.202,0.0,0.0,2
4.562,4.1592,1.0,0.0,0.0,0.0,0.0,10.0,0.0,2.0,0.0,-0.713,2.978,0.918,9.184,0.0,1.082,1.175,0.0,0.0,0.0,1.152,0.0,0.0,0.0,0.0,2.0,-0.274,0.0,9.461,1.521,0.0,0.0,0.0,4.0,4.307,4.148,2.0,8.83,0.0,0.0,2
4.77,2.8938,0.0,0.0,0.0,0.0,2.0,41.7,3.0,0.0,0.0,0.0,3.164,1.185,9.882,0.0,0.966,1.121,0.0,0.0,0.0,1.299,1.0,0.0,0.0,0.0,2.236,0.012,0.0,0.0,1.74,0.0,0.0,0.0,0.0,3.646,1.867,0.0,8.083,0.0,0.0,2
4.517,2.6422,0.0,0.0,2.0,0.0,1.0,40.0,1.0,0.0,1.0,0.0,3.073,1.409,9.391,0.0,0.976,1.129,0.0,0.0,0.0,1.266,1.0,0.0,0.0,0.0,2.149,-0.024,0.0,0.0,2.036,0.0,0.0,1.0,2.0,3.553,2.074,1.0,7.884,0.0,0.0,2
4.414,3.135,0.0,0.0,0.0,0.0,1.0,46.2,0.0,1.0,0.0,0.0,2.884,0.802,9.183,2.0,0.998,1.112,0.0,0.0,0.0,1.264,1.0,0.0,0.0,0.0,2.101,-0.08,0.0,0.0,0.975,0.0,1.0,0.0,1.0,3.566,2.524,0.0,7.811,0.0,0.0,2
4.732,3.3319,0.0,0.0,0.0,0.0,2.0,42.9,0.0,2.0,0.0,0.0,3.025,0.875,9.579,4.0,1.022,1.119,0.0,0.0,0.0,1.219,1.0,0.0,0.0,0.0,2.194,0.047,0.0,0.0,0.854,0.0,2.0,0.0,2.0,3.67,2.917,0.0,8.008,0.0,0.0,2
4.607,3.1517,0.0,0.0,0.0,0.0,2.0,41.2,0.0,2.0,0.0,0.0,3.118,1.187,9.631,4.0,1.011,1.122,0.0,0.0,0.0,1.214,1.0,0.0,0.0,0.0,2.194,-0.026,0.0,0.0,1.544,0.0,2.0,0.0,1.0,3.649,2.537,0.0,8.058,0.0,0.0,2
4.898,3.1976,0.0,0.0,0.0,0.0,3.0,40.7,0.0,2.0,0.0,0.0,3.451,1.546,10.067,4.0,0.994,1.123,0.0,0.0,0.0,1.248,1.0,0.0,0.0,0.0,2.305,-0.002,0.0,0.0,2.0,0.0,2.0,0.0,0.0,3.729,2.192,0.0,8.364,0.0,0.0,2
4.97,3.567,3.0,0.0,0.0,0.0,4.0,46.2,0.0,1.0,0.0,0.0,3.66,0.861,10.06,2.0,1.073,1.099,0.0,0.0,0.0,1.334,1.0,0.0,1.0,0.0,2.307,0.015,0.0,0.0,0.962,0.0,4.0,0.0,1.0,4.106,2.9,0.0,9.154,0.0,3.0,2
4.782,2.9304,0.0,0.0,0.0,0.0,2.0,43.5,2.0,1.0,0.0,0.0,3.294,1.273,9.947,2.0,0.984,1.117,0.0,0.0,0.0,1.28,1.0,0.0,0.0,0.0,2.251,-0.007,0.0,10.288,1.951,0.0,0.0,0.0,0.0,3.671,2.333,0.0,8.238,0.0,0.0,2
4.869,3.2685,0.0,0.0,0.0,0.0,3.0,40.9,1.0,3.0,0.0,0.0,3.404,1.528,10.009,6.0,1.018,1.123,0.0,0.0,0.0,1.22,1.0,0.0,0.0,0.0,2.29,0.004,0.0,10.337,1.945,0.0,2.0,0.0,1.0,3.743,2.75,0.0,8.362,0.0,0.0,2
5.156,2.4524,0.0,0.0,0.0,0.0,4.0,55.6,0.0,6.0,0.0,-3.296,3.788,0.75,10.813,16.0,1.103,1.093,0.0,0.0,0.0,1.225,6.0,0.0,0.0,0.0,2.532,0.0,0.0,44.736,1.508,0.0,0.0,0.0,0.0,3.986,3.271,0.0,9.007,4.0,0.0,2
5.072,3.2754,0.0,0.0,0.0,0.0,2.0,40.0,2.0,4.0,0.0,-1.016,3.678,1.875,10.32,10.0,1.016,1.125,0.0,0.0,0.0,1.21,1.0,0.0,0.0,0.0,2.349,0.0,0.0,23.088,2.707,0.0,0.0,0.0,0.0,3.793,2.667,0.0,8.642,2.0,0.0,2
5.074,2.2282,0.0,0.0,0.0,0.0,3.0,44.2,1.0,4.0,0.0,-1.025,4.037,1.563,10.658,13.0,1.003,1.116,0.0,0.0,0.0,1.243,2.0,0.0,0.0,0.0,2.355,0.0,0.0,24.332,4.684,0.0,0.0,0.0,0.0,3.798,2.406,0.0,9.005,2.0,0.0,2
5.072,3.1939,0.0,0.0,0.0,0.0,2.0,43.8,0.0,4.0,0.0,-1.165,3.808,2.123,10.379,12.0,1.015,1.117,0.0,0.0,0.0,1.235,1.0,0.0,0.0,0.0,2.351,0.0,0.0,23.409,3.342,0.0,0.0,0.0,0.0,3.795,2.704,0.0,8.776,2.0,0.0,2
4.876,3.0864,0.0,0.0,0.0,0.0,2.0,41.7,0.0,4.0,0.0,-0.858,3.571,1.59,10.236,10.0,1.03,1.121,0.0,0.0,0.0,1.203,1.0,0.0,0.0,0.0,2.297,0.001,0.0,22.051,2.573,0.0,0.0,0.0,0.0,3.755,2.833,0.0,8.591,2.0,0.0,2
4.842,2.9844,0.0,0.0,0.0,0.0,2.0,41.7,2.0,2.0,0.0,-0.87,3.39,1.258,10.136,4.0,0.998,1.121,0.0,0.0,0.0,1.238,1.0,0.0,0.0,0.0,2.278,0.004,0.0,10.482,2.113,0.0,0.0,0.0,1.0,3.718,2.611,0.0,8.382,0.0,0.0,2
4.982,2.8539,0.0,0.0,0.0,0.0,2.0,53.3,0.0,3.0,0.0,-1.101,3.39,0.762,10.226,8.0,1.05,1.097,0.0,0.0,0.0,1.249,3.0,0.0,0.0,0.0,2.424,0.004,0.0,21.666,1.027,0.0,0.0,0.0,0.0,3.866,2.924,0.0,8.527,2.0,0.0,2
4.828,2.2467,0.0,0.0,0.0,0.0,2.0,50.0,0.0,4.0,0.0,-1.417,3.838,0.584,10.424,10.0,1.026,1.104,0.0,0.0,0.0,1.248,2.0,0.0,0.0,0.0,2.265,0.0,0.0,22.962,4.401,0.0,0.0,0.0,0.0,3.715,2.648,0.0,8.88,0.0,0.0,2
5.12,3.2785,0.0,0.0,0.0,0.0,3.0,36.8,3.0,6.0,0.0,-1.775,4.156,2.419,10.778,18.0,1.004,1.131,0.0,0.0,0.0,1.195,1.0,0.0,0.0,0.0,2.4,0.0,0.0,36.905,3.368,0.0,0.0,0.0,0.0,3.852,2.481,0.0,9.032,3.0,0.0,2
4.732,3.0836,0.0,0.0,0.0,0.0,1.0,46.7,0.0,2.0,0.0,-0.879,3.151,1.187,9.642,4.0,1.02,1.111,0.0,0.0,0.0,1.235,1.0,0.0,0.0,0.0,2.194,-0.026,0.0,10.201,1.659,0.0,0.0,0.0,1.0,3.663,2.926,0.0,8.161,0.0,0.0,2
4.77,3.1187,0.0,0.0,1.0,0.0,2.0,41.2,0.0,2.0,2.0,-0.931,3.249,1.185,9.882,4.0,1.024,1.127,0.0,0.0,0.0,1.219,1.0,0.0,0.0,0.0,2.236,0.015,0.0,10.271,1.74,0.0,1.0,2.0,3.0,3.707,3.0,1.0,8.288,0.0,0.0,2
4.951,2.7402,0.0,0.0,0.0,0.0,2.0,38.7,2.0,3.0,0.0,-0.464,3.59,2.071,10.241,9.0,1.002,1.127,0.0,0.0,0.0,1.223,1.0,0.0,0.0,0.0,2.29,-0.001,0.0,11.465,3.744,0.0,1.0,0.0,1.0,3.743,2.522,0.0,8.502,1.0,0.0,2
4.923,3.3133,0.0,0.0,0.0,0.0,2.0,43.8,0.0,3.0,0.0,-1.113,3.261,1.185,9.911,7.0,1.04,1.117,0.0,0.0,0.0,1.207,1.0,0.0,0.0,0.0,2.267,0.015,0.0,10.262,1.563,0.0,1.0,0.0,2.0,3.741,3.2,0.0,8.303,0.0,0.0,2
4.972,3.3935,0.0,0.0,0.0,0.0,2.0,42.9,1.0,4.0,0.0,-1.648,3.513,1.508,10.173,8.0,1.04,1.119,0.0,0.0,0.0,1.211,1.0,0.0,0.0,0.0,2.307,-0.002,0.0,21.185,2.228,0.0,1.0,0.0,1.0,3.761,3.09,0.0,8.567,0.0,0.0,2
4.845,2.7876,0.0,0.0,0.0,0.0,2.0,40.0,1.0,4.0,0.0,-0.746,3.678,2.125,10.281,8.0,1.016,1.125,0.0,0.0,0.0,1.217,1.0,0.0,0.0,0.0,2.282,0.0,0.0,22.67,3.549,0.0,1.0,0.0,0.0,3.718,2.667,0.0,8.635,0.0,0.0,2
5.31,3.4619,1.0,0.0,0.0,0.0,1.0,37.5,0.0,3.0,0.0,0.0,3.425,1.185,10.25,6.0,1.044,1.112,0.0,0.0,0.0,1.246,1.0,0.0,0.0,0.0,2.288,0.015,0.0,20.777,1.726,0.0,1.0,0.0,1.0,4.734,3.258,0.0,9.474,0.0,0.0,2
4.414,2.2808,0.0,0.0,0.0,0.0,0.0,35.3,0.0,1.0,0.0,0.464,2.801,0.802,9.183,2.0,0.985,1.134,0.0,0.0,0.0,1.197,1.0,0.0,0.0,0.0,2.101,-0.069,0.0,10.463,0.975,0.0,0.0,0.0,0.0,3.344,2.31,0.0,7.446,0.0,0.0,2
4.963,2.736,0.0,0.0,0.0,0.0,3.0,52.4,0.0,2.0,0.0,-0.884,3.532,0.985,10.277,4.0,1.009,1.099,0.0,0.0,0.0,1.296,3.0,0.0,0.0,0.0,2.359,0.001,0.0,10.645,1.762,0.0,0.0,0.0,1.0,3.881,2.59,0.0,8.68,0.0,0.0,2
4.877,2.6955,0.0,0.0,0.0,0.0,3.0,47.1,0.0,3.0,0.0,0.0,3.359,0.943,10.07,6.0,1.037,1.11,0.0,0.0,0.0,1.243,3.0,0.0,0.0,0.0,2.36,0.004,0.0,10.31,1.496,0.0,2.0,0.0,0.0,3.775,2.591,0.0,8.386,0.0,0.0,2
4.414,2.8449,0.0,0.0,0.0,0.0,0.0,41.7,0.0,1.0,1.0,0.041,2.898,0.802,9.183,2.0,1.016,1.128,0.0,0.0,0.0,1.254,1.0,0.0,0.0,0.0,2.101,-0.082,0.0,10.249,0.975,0.0,0.0,2.0,1.0,3.535,2.738,1.0,7.809,0.0,0.0,2
4.963,2.8471,0.0,0.0,1.0,0.0,2.0,50.0,0.0,2.0,3.0,-0.995,3.539,0.985,10.277,2.0,1.02,1.108,0.0,0.0,0.0,1.277,3.0,0.0,0.0,0.0,2.359,0.001,0.0,10.582,1.762,0.0,0.0,4.0,1.0,3.899,2.667,1.0,8.702,0.0,0.0,2
4.789,2.8739,0.0,0.0,0.0,0.0,0.0,30.8,3.0,4.0,0.0,-0.318,3.354,1.425,10.091,6.0,1.019,1.144,0.0,0.0,0.0,1.149,1.0,0.0,0.0,0.0,2.274,0.004,0.0,10.582,2.257,0.0,0.0,0.0,0.0,3.477,2.556,0.0,8.121,0.0,0.0,2
4.362,2.3925,0.0,0.0,0.0,0.0,0.0,31.6,0.0,1.0,2.0,0.225,2.93,0.75,9.272,2.0,0.992,1.147,0.0,0.0,0.0,1.177,1.0,0.0,0.0,0.0,2.091,0.041,0.0,10.572,1.017,0.0,0.0,2.0,1.0,3.355,2.333,1.0,7.556,0.0,0.0,2
4.983,4.2631,0.0,0.0,0.0,0.0,0.0,23.1,2.0,6.0,0.0,0.0,3.342,1.792,10.074,8.0,1.044,1.16,0.0,0.0,0.0,1.011,0.0,0.0,0.0,0.0,2.247,-0.008,0.0,0.0,2.666,0.0,0.0,0.0,6.0,3.397,3.694,0.0,7.88,0.0,0.0,2
4.977,1.8975,0.0,0.0,0.0,0.0,0.0,31.6,1.0,6.0,0.0,-0.336,4.19,3.866,10.735,9.0,0.991,1.142,0.0,0.0,0.0,1.157,1.0,0.0,0.0,0.0,2.361,0.0,0.0,11.756,10.593,0.0,0.0,0.0,3.0,3.497,2.267,0.0,8.727,0.0,0.0,2
5.164,3.0492,0.0,0.0,1.0,0.0,0.0,26.7,2.0,6.0,1.0,-0.462,3.592,1.437,10.493,9.0,1.042,1.155,0.0,0.0,0.0,1.083,1.0,0.0,0.0,0.0,2.402,-0.001,0.0,10.741,2.081,0.0,0.0,3.0,5.0,3.551,3.256,1.0,8.338,0.0,0.0,2
3.732,2.4945,0.0,0.0,0.0,0.0,0.0,22.2,1.0,0.0,2.0,0.0,2.553,1.585,8.16,0.0,0.979,1.171,0.0,0.0,0.0,1.119,0.0,0.0,0.0,0.0,1.802,-0.212,0.0,0.0,2.488,0.0,0.0,2.0,3.0,2.89,2.167,2.0,6.675,0.0,0.0,2
3.966,2.9244,0.0,0.0,2.0,0.0,0.0,30.8,2.0,0.0,2.0,0.0,3.545,3.146,9.522,0.0,0.964,1.145,0.0,0.0,0.0,1.194,0.0,0.0,0.0,0.0,1.97,0.0,0.0,0.0,6.909,0.0,0.0,2.0,1.0,3.005,1.618,1.0,7.749,0.0,0.0,2
3.986,2.958,0.0,0.0,0.0,0.0,0.0,32.1,2.0,1.0,0.0,0.0,4.008,3.792,10.039,1.0,0.965,1.141,0.0,0.0,0.0,1.198,0.0,0.0,0.0,0.0,1.987,0.0,0.0,0.0,10.955,0.0,0.0,0.0,1.0,3.01,1.685,0.0,8.228,0.0,0.0,2
4.235,2.7848,0.0,0.0,0.0,0.0,0.0,29.6,2.0,1.0,0.0,0.0,2.946,1.975,9.118,1.0,0.973,1.146,0.0,0.0,0.0,1.168,0.0,0.0,0.0,0.0,1.962,0.039,0.0,0.0,3.449,0.0,0.0,0.0,1.0,3.064,2.093,0.0,7.229,0.0,0.0,2
4.236,1.599,0.0,0.0,0.0,0.0,0.0,32.8,1.0,1.0,0.0,0.0,3.78,3.974,9.949,1.0,0.967,1.14,0.0,0.0,0.0,1.189,1.0,0.0,0.0,0.0,2.236,0.0,0.0,0.0,8.475,0.0,0.0,0.0,0.0,3.322,1.611,0.0,8.211,0.0,0.0,2
4.362,3.0285,0.0,0.0,0.0,0.0,0.0,27.3,3.0,2.0,0.0,0.0,2.867,1.906,9.059,2.0,0.993,1.151,0.0,0.0,0.0,1.123,0.0,0.0,0.0,0.0,2.0,-0.074,0.0,0.0,2.524,0.0,0.0,0.0,2.0,3.076,2.667,0.0,7.149,0.0,0.0,2
4.414,3.7375,0.0,0.0,0.0,0.0,0.0,35.3,3.0,1.0,0.0,1.188,2.812,1.379,9.222,1.0,0.985,1.134,0.0,0.0,0.0,1.258,0.0,0.0,0.0,0.0,2.0,0.135,0.0,10.178,2.133,0.0,0.0,0.0,0.0,3.467,2.619,0.0,7.714,0.0,0.0,2
4.0,3.2163,0.0,0.0,0.0,0.0,0.0,25.0,1.0,2.0,0.0,-0.833,2.334,0.811,8.318,0.0,1.053,1.156,0.0,0.0,0.0,1.076,0.0,0.0,0.0,0.0,1.732,-0.687,0.0,9.0,1.0,0.0,0.0,0.0,1.0,3.304,4.167,0.0,7.178,0.0,0.0,2
4.412,3.402,0.0,0.0,0.0,0.0,0.0,32.8,2.0,4.0,0.0,-0.327,4.486,4.297,10.675,6.0,0.974,1.14,0.0,0.0,0.0,1.193,0.0,0.0,0.0,0.0,2.086,0.0,0.0,23.775,15.507,0.0,0.0,0.0,0.0,3.405,1.889,0.0,8.926,0.0,0.0,2
4.534,4.002,0.0,0.0,0.0,0.0,0.0,32.4,4.0,4.0,0.0,-0.28,4.039,3.181,10.485,10.0,0.983,1.141,0.0,0.0,0.0,1.18,0.0,0.0,0.0,0.0,2.14,0.0,0.0,23.596,8.016,0.0,0.0,0.0,0.0,3.408,2.154,0.0,8.619,0.0,0.0,2
4.386,3.408,0.0,0.0,0.0,0.0,0.0,32.5,2.0,4.0,0.0,-0.09,4.167,3.774,10.379,8.0,0.98,1.14,0.0,0.0,0.0,1.186,0.0,0.0,0.0,0.0,2.068,0.0,0.0,23.377,10.97,0.0,0.0,0.0,0.0,3.376,2.044,0.0,8.67,0.0,0.0,2
4.263,3.1913,1.0,0.0,0.0,0.0,0.0,28.6,0.0,4.0,0.0,-1.68,3.41,2.187,9.533,4.0,1.038,1.135,0.0,0.0,0.0,1.159,0.0,0.0,0.0,0.0,2.0,0.015,0.0,19.933,4.143,0.0,0.0,0.0,2.0,3.643,3.379,0.0,8.478,0.0,0.0,2
4.17,3.4143,0.0,0.0,0.0,0.0,0.0,30.0,0.0,1.0,1.0,-0.481,2.548,0.971,8.597,1.0,1.02,1.154,0.0,0.0,0.0,1.174,0.0,0.0,0.0,0.0,1.848,0.425,0.0,9.472,1.542,0.0,0.0,1.0,2.0,3.379,3.533,1.0,7.404,0.0,0.0,2
4.65,4.0313,0.0,0.0,1.0,0.0,0.0,31.3,3.0,2.0,0.0,0.159,3.39,2.134,9.916,5.0,0.991,1.145,0.0,0.0,0.0,1.184,0.0,0.0,0.0,0.0,2.122,0.004,0.0,10.961,3.936,0.0,0.0,3.0,0.0,3.527,2.372,1.0,8.131,0.0,0.0,2
4.347,3.4478,0.0,0.0,1.0,0.0,0.0,30.8,1.0,2.0,2.0,-0.193,3.233,2.3,9.338,4.0,0.998,1.147,0.0,0.0,0.0,1.169,0.0,0.0,0.0,0.0,2.011,0.014,0.0,10.535,4.098,0.0,0.0,1.0,1.0,3.405,2.515,1.0,7.864,0.0,0.0,2
4.343,3.9399,0.0,0.0,0.0,0.0,0.0,33.3,0.0,4.0,0.0,-2.514,3.047,1.5,9.309,4.0,1.09,1.139,0.0,0.0,0.0,1.108,0.0,0.0,0.0,0.0,2.0,-0.097,0.0,19.107,2.682,0.0,0.0,0.0,2.0,3.519,4.167,0.0,8.016,0.0,0.0,2
4.562,3.6148,0.0,0.0,0.0,0.0,0.0,25.0,1.0,3.0,0.0,-1.185,2.71,0.918,9.184,2.0,1.053,1.156,0.0,0.0,0.0,1.066,0.0,0.0,0.0,0.0,2.0,-0.265,0.0,9.449,1.521,0.0,0.0,0.0,2.0,3.424,4.0,0.0,7.507,0.0,0.0,2
4.691,3.9139,0.0,0.0,0.0,0.0,0.0,26.7,0.0,5.0,0.0,-2.845,3.138,1.436,9.666,5.0,1.086,1.153,0.0,0.0,0.0,1.066,0.0,0.0,0.0,0.0,2.117,0.053,0.0,19.412,2.428,0.0,0.0,0.0,3.0,3.49,4.241,0.0,8.03,0.0,0.0,2
4.476,3.72,0.0,0.0,0.0,0.0,0.0,31.3,1.0,3.0,0.0,-0.644,2.985,1.5,9.345,4.0,1.032,1.143,0.0,0.0,0.0,1.156,0.0,0.0,0.0,0.0,2.042,-0.088,0.0,20.291,2.34,0.0,0.0,0.0,0.0,3.458,3.292,0.0,7.864,0.0,0.0,2
4.385,3.9908,0.0,0.0,0.0,0.0,0.0,32.4,0.0,7.0,0.0,-1.569,3.819,3.09,9.999,10.0,1.034,1.141,0.0,0.0,0.0,1.135,0.0,0.0,0.0,0.0,2.061,0.0,0.0,21.678,6.884,0.0,0.0,0.0,0.0,3.432,2.833,0.0,8.562,0.0,0.0,2
4.791,4.5316,0.0,0.0,2.0,0.0,0.0,23.1,2.0,2.0,8.0,-1.384,3.354,1.73,9.99,2.0,1.018,1.173,0.0,0.0,0.0,1.117,0.0,0.0,0.0,0.0,2.194,-0.008,0.0,20.829,2.395,0.0,0.0,2.0,6.0,3.467,3.083,4.0,8.19,0.0,0.0,2
4.303,3.3317,0.0,0.0,0.0,0.0,0.0,34.8,3.0,1.0,0.0,1.559,3.027,1.837,9.389,1.0,0.979,1.135,0.0,0.0,0.0,1.236,0.0,0.0,0.0,0.0,2.0,0.042,0.0,10.396,3.193,0.0,0.0,0.0,0.0,3.349,2.37,0.0,7.827,0.0,0.0,2
4.499,2.8945,1.0,0.0,0.0,0.0,1.0,46.7,1.0,0.0,0.0,0.0,3.185,1.125,9.311,0.0,0.991,1.107,0.0,0.0,0.0,1.323,1.0,0.0,1.0,0.0,2.136,0.043,0.0,0.0,1.481,0.0,0.0,0.0,0.0,3.692,2.16,0.0,8.337,0.0,1.0,2
4.651,2.6738,0.0,0.0,2.0,0.0,1.0,41.7,1.0,2.0,3.0,-0.396,3.482,1.911,9.989,3.0,1.007,1.125,0.0,0.0,0.0,1.256,1.0,0.0,0.0,0.0,2.202,-0.002,0.0,21.674,3.267,0.0,1.0,3.0,1.0,3.611,2.692,1.0,8.461,0.0,0.0,2
4.692,2.7215,0.0,0.0,2.0,0.0,2.0,40.7,2.0,2.0,3.0,-0.393,3.547,1.876,10.164,3.0,1.002,1.126,0.0,0.0,0.0,1.259,1.0,0.0,0.0,0.0,2.236,0.001,0.0,21.814,3.356,0.0,1.0,3.0,1.0,3.659,2.619,1.0,8.548,0.0,0.0,2
4.543,2.5935,0.0,0.0,2.0,0.0,1.0,40.9,1.0,1.0,2.0,0.008,3.298,1.705,9.722,1.0,0.993,1.127,0.0,0.0,0.0,1.253,1.0,0.0,0.0,0.0,2.166,-0.008,0.0,10.506,2.905,0.0,0.0,2.0,1.0,3.567,2.394,1.0,8.223,0.0,0.0,2
4.653,1.8048,0.0,0.0,0.0,0.0,2.0,36.2,1.0,1.0,0.0,0.0,3.874,3.355,10.213,2.0,0.97,1.132,0.0,0.0,0.0,1.236,1.0,0.0,0.0,0.0,2.214,0.0,0.0,0.0,8.143,0.0,1.0,0.0,1.0,3.64,1.833,0.0,8.486,0.0,0.0,2
4.562,3.2113,0.0,0.0,0.0,0.0,2.0,42.9,0.0,2.0,0.0,0.0,3.025,0.875,9.54,4.0,1.022,1.119,0.0,0.0,0.0,1.209,1.0,0.0,0.0,0.0,2.17,0.047,0.0,0.0,1.14,0.0,2.0,0.0,2.0,3.646,2.917,0.0,8.003,0.0,0.0,2
4.77,3.031,0.0,0.0,0.0,0.0,2.0,45.0,2.0,1.0,0.0,0.125,3.217,1.185,9.882,2.0,0.987,1.114,0.0,0.0,0.0,1.294,1.0,0.0,0.0,0.0,2.236,0.014,0.0,10.757,1.74,0.0,0.0,0.0,0.0,3.695,2.4,0.0,8.251,0.0,0.0,2
5.072,2.4853,0.0,0.0,0.0,0.0,2.0,36.1,4.0,4.0,0.0,-0.892,4.22,2.972,10.799,12.0,0.984,1.133,0.0,0.0,0.0,1.22,1.0,0.0,0.0,0.0,2.351,0.0,0.0,24.843,7.668,0.0,0.0,0.0,0.0,3.794,2.144,0.0,8.984,2.0,0.0,2
4.882,3.2502,0.0,0.0,0.0,0.0,2.0,44.4,0.0,4.0,0.0,-2.254,3.451,1.258,10.136,8.0,1.053,1.116,0.0,0.0,0.0,1.194,1.0,0.0,0.0,0.0,2.288,0.005,0.0,20.766,2.011,0.0,0.0,0.0,2.0,3.762,3.389,0.0,8.529,0.0,0.0,2
4.844,2.3785,0.0,0.0,0.0,0.0,3.0,50.0,0.0,3.0,0.0,-0.439,3.716,0.625,10.35,9.0,1.015,1.104,0.0,0.0,0.0,1.266,2.0,0.0,0.0,0.0,2.286,0.0,0.0,11.622,3.405,0.0,2.0,0.0,1.0,3.736,2.573,0.0,8.765,1.0,0.0,2
4.77,2.6687,0.0,0.0,0.0,0.0,0.0,38.5,3.0,0.0,0.0,4.722,3.131,1.185,9.882,0.0,0.964,1.128,0.0,0.0,0.0,1.264,1.0,0.0,0.0,0.0,2.236,0.012,0.0,0.0,1.74,0.0,0.0,0.0,0.0,3.533,1.75,0.0,7.981,0.0,0.0,2
4.675,1.7703,0.0,0.0,2.0,0.0,0.0,33.3,0.0,0.0,4.0,0.0,3.343,0.0,9.971,0.0,0.967,1.141,0.0,0.0,0.0,1.185,2.0,0.0,0.0,0.0,2.236,0.001,0.0,0.0,2.829,0.0,0.0,4.0,1.0,3.269,1.551,1.0,7.764,0.0,0.0,2
4.645,1.7575,1.0,0.0,0.0,0.0,3.0,45.7,0.0,3.0,0.0,0.0,4.173,0.0,10.642,12.0,0.993,1.107,0.0,0.0,0.0,1.297,3.0,0.0,0.0,0.0,2.236,0.0,0.0,0.0,3.604,0.0,0.0,0.0,0.0,3.957,2.043,0.0,9.309,0.0,0.0,2
4.679,3.1788,0.0,0.0,0.0,0.0,2.0,44.4,0.0,2.0,0.0,0.0,3.233,1.261,9.715,4.0,1.011,1.116,0.0,0.0,0.0,1.246,1.0,0.0,0.0,0.0,2.222,0.014,0.0,10.219,1.695,0.0,1.0,0.0,0.0,3.67,2.583,0.0,8.192,0.0,0.0,2
4.863,2.4397,1.0,0.0,0.0,0.0,3.0,54.5,0.0,0.0,0.0,0.0,4.043,0.569,10.135,0.0,0.984,1.087,0.0,0.0,0.0,1.381,2.0,1.0,0.0,0.0,2.3,0.001,1.0,0.0,2.241,0.0,1.0,0.0,0.0,6.879,1.981,0.0,11.612,0.0,1.0,2
4.481,2.7716,0.0,0.0,0.0,0.0,0.0,33.3,0.0,2.0,0.0,-0.065,2.566,0.929,9.053,1.0,1.047,1.139,0.0,0.0,0.0,1.127,1.0,0.0,0.0,0.0,2.136,-0.239,0.0,9.677,0.964,0.0,0.0,0.0,0.0,3.454,3.033,0.0,7.487,0.0,0.0,2
4.414,3.0463,0.0,0.0,0.0,0.0,0.0,38.5,1.0,2.0,0.0,0.0,2.895,1.203,9.209,1.0,1.023,1.128,0.0,0.0,0.0,1.241,1.0,0.0,0.0,0.0,2.152,-0.083,0.0,0.0,1.496,0.0,0.0,0.0,1.0,3.637,2.667,0.0,7.872,0.0,0.0,2
4.303,2.6696,0.0,0.0,0.0,0.0,0.0,33.3,0.0,2.0,0.0,-0.046,2.709,0.862,9.067,2.0,1.025,1.139,0.0,0.0,0.0,1.166,1.0,0.0,0.0,0.0,2.115,0.137,0.0,10.021,0.956,0.0,0.0,0.0,0.0,3.416,2.778,0.0,7.481,0.0,0.0,2
4.875,2.757,0.0,0.0,0.0,0.0,0.0,35.3,1.0,3.0,0.0,-0.444,3.12,1.233,9.856,6.0,1.03,1.135,0.0,0.0,0.0,1.19,1.0,0.0,0.0,0.0,2.288,-0.026,0.0,21.128,1.585,1.0,0.0,0.0,0.0,3.588,3.019,0.0,8.043,0.0,0.0,2
4.414,2.9065,0.0,0.0,0.0,0.0,0.0,30.8,1.0,3.0,0.0,-0.549,2.875,0.917,9.459,3.0,1.049,1.144,0.0,0.0,0.0,1.119,1.0,0.0,0.0,0.0,2.199,-0.085,0.0,10.009,1.101,0.0,0.0,0.0,0.0,3.512,2.929,0.0,7.713,0.0,0.0,2
4.882,3.3902,0.0,0.0,0.0,0.0,0.0,41.2,0.0,4.0,1.0,-2.476,3.459,1.258,10.136,4.0,1.069,1.127,0.0,0.0,0.0,1.179,1.0,0.0,0.0,0.0,2.288,0.005,0.0,20.641,2.011,0.0,0.0,4.0,2.0,3.785,3.472,1.0,8.553,0.0,0.0,2
4.17,3.1898,0.0,0.0,0.0,0.0,0.0,20.0,1.0,2.0,0.0,-0.968,2.533,0.971,8.597,0.0,1.052,1.175,0.0,0.0,0.0,1.032,0.0,0.0,0.0,0.0,1.848,0.441,0.0,9.243,1.542,0.0,0.0,1.0,3.0,3.326,4.033,1.0,7.273,0.0,0.0,2
4.414,2.9195,0.0,0.0,0.0,0.0,0.0,27.3,0.0,2.0,0.0,-0.657,2.915,0.917,9.459,3.0,1.067,1.166,0.0,0.0,0.0,1.127,1.0,0.0,0.0,0.0,2.199,-0.087,0.0,20.069,1.101,0.0,0.0,2.0,2.0,3.556,3.405,2.0,7.873,0.0,0.0,2
5.076,3.5506,0.0,0.0,1.0,0.0,0.0,38.1,2.0,3.0,2.0,0.0,3.418,1.258,10.189,7.0,1.029,1.133,0.0,0.0,0.0,1.204,1.0,0.0,0.0,0.0,2.352,0.004,0.0,10.46,1.244,0.0,1.0,3.0,2.0,3.821,3.014,1.0,8.441,0.0,0.0,2
4.655,3.6465,0.0,0.0,2.0,0.0,0.0,25.0,0.0,3.0,2.0,-1.641,3.198,1.761,9.723,3.0,1.036,1.164,0.0,0.0,0.0,1.1,0.0,0.0,0.0,0.0,2.107,-0.028,0.0,20.135,2.989,0.0,0.0,3.0,5.0,3.445,3.567,2.0,8.044,0.0,0.0,2
3.414,2.4441,1.0,0.0,0.0,0.0,0.0,33.3,1.0,0.0,0.0,0.0,2.631,1.0,7.408,0.0,0.997,1.132,0.0,0.0,0.0,1.291,0.0,0.0,1.0,0.0,1.618,-0.575,0.0,0.0,1.707,0.0,0.0,0.0,0.0,3.567,2.653,0.0,7.775,0.0,1.0,2
4.303,3.0634,0.0,0.0,0.0,0.0,0.0,21.4,2.0,3.0,0.0,0.0,2.648,1.459,8.815,2.0,1.037,1.164,0.0,0.0,0.0,0.995,0.0,0.0,0.0,0.0,1.932,-0.253,0.0,0.0,1.745,0.0,0.0,0.0,3.0,3.102,3.722,0.0,6.978,0.0,0.0,2
4.303,3.0468,1.0,0.0,0.0,0.0,0.0,23.1,2.0,2.0,0.0,0.0,2.913,1.459,8.815,1.0,1.039,1.156,0.0,0.0,0.0,1.09,0.0,0.0,1.0,0.0,1.932,-0.244,0.0,0.0,1.745,0.0,0.0,0.0,2.0,3.579,3.407,0.0,7.899,0.0,1.0,2
4.214,2.9483,0.0,0.0,0.0,0.0,0.0,23.5,1.0,1.0,0.0,0.0,2.587,1.459,8.755,0.0,0.991,1.164,0.0,0.0,0.0,1.127,0.0,0.0,0.0,0.0,1.902,-0.223,0.0,0.0,2.052,0.0,0.0,1.0,1.0,3.077,2.5,1.0,6.954,0.0,0.0,2
3.732,2.6724,0.0,0.0,0.0,0.0,0.0,20.0,1.0,2.0,0.0,0.0,2.616,1.585,8.16,1.0,1.019,1.172,0.0,0.0,0.0,1.024,0.0,0.0,0.0,0.0,1.802,-0.247,0.0,0.0,2.488,0.0,0.0,1.0,3.0,2.938,3.167,1.0,6.799,0.0,0.0,2
3.414,2.956,0.0,0.0,0.0,0.0,0.0,33.3,0.0,2.0,0.0,0.0,2.39,1.0,7.408,0.0,1.09,1.139,0.0,0.0,0.0,1.171,0.0,0.0,0.0,0.0,1.618,-0.723,0.0,17.611,1.707,0.0,0.0,0.0,0.0,3.218,4.5,0.0,7.145,0.0,0.0,2
4.236,2.9854,0.0,0.0,0.0,0.0,0.0,32.1,2.0,2.0,0.0,-0.654,3.751,3.122,10.004,2.0,0.974,1.141,0.0,0.0,0.0,1.193,0.0,0.0,0.0,0.0,2.0,0.0,0.0,10.334,8.008,0.0,0.0,0.0,1.0,3.329,2.05,0.0,8.216,0.0,0.0,2
4.462,3.3098,0.0,0.0,0.0,0.0,0.0,32.3,2.0,4.0,0.0,-0.287,3.997,3.524,10.224,5.0,0.984,1.141,0.0,0.0,0.0,1.173,0.0,0.0,0.0,0.0,2.088,0.0,0.0,11.373,9.6,0.0,0.0,0.0,2.0,3.384,2.22,0.0,8.492,0.0,0.0,2
4.0,3.078,0.0,0.0,0.0,0.0,0.0,22.2,1.0,1.0,0.0,-0.333,2.306,0.811,8.318,0.0,1.022,1.171,0.0,0.0,0.0,1.113,0.0,0.0,0.0,0.0,1.732,-0.65,0.0,9.222,1.0,0.0,0.0,1.0,2.0,3.281,3.667,1.0,7.135,0.0,0.0,2
4.372,3.5554,0.0,0.0,0.0,0.0,0.0,29.2,2.0,3.0,0.0,-0.233,3.138,1.922,9.494,3.0,1.007,1.147,0.0,0.0,0.0,1.136,0.0,0.0,0.0,0.0,2.031,-0.026,0.0,10.251,3.412,0.0,0.0,0.0,0.0,3.355,2.6,0.0,7.811,0.0,0.0,2
4.382,3.2243,0.0,0.0,0.0,0.0,0.0,33.3,2.0,2.0,0.0,-0.013,3.935,3.554,10.06,4.0,0.973,1.138,0.0,0.0,0.0,1.203,0.0,0.0,0.0,0.0,2.051,0.0,0.0,11.42,9.36,0.0,0.0,0.0,0.0,3.366,1.903,0.0,8.397,0.0,0.0,2
4.17,3.5122,0.0,0.0,0.0,0.0,0.0,33.3,0.0,2.0,0.0,-0.981,2.57,0.971,8.597,2.0,1.047,1.139,0.0,0.0,0.0,1.147,0.0,0.0,0.0,0.0,1.848,0.444,0.0,9.25,1.542,0.0,0.0,0.0,1.0,3.396,3.933,0.0,7.436,0.0,0.0,2
4.346,3.4572,0.0,0.0,0.0,0.0,0.0,33.3,1.0,2.0,0.0,-0.33,3.048,1.975,9.16,4.0,0.998,1.139,0.0,0.0,0.0,1.181,0.0,0.0,0.0,0.0,2.0,0.046,0.0,10.346,3.165,0.0,0.0,0.0,0.0,3.423,2.63,0.0,7.73,0.0,0.0,2
4.644,3.9848,0.0,0.0,0.0,0.0,0.0,36.8,1.0,2.0,0.0,0.048,3.09,1.837,9.467,6.0,1.004,1.131,0.0,0.0,0.0,1.223,0.0,0.0,0.0,0.0,2.084,0.048,0.0,10.532,2.732,0.0,0.0,0.0,0.0,3.529,2.815,0.0,7.958,0.0,0.0,2
4.645,3.6462,0.0,0.0,4.0,0.0,0.0,23.1,0.0,2.0,4.0,-0.987,3.347,2.117,9.828,2.0,1.018,1.173,0.0,0.0,0.0,1.104,0.0,0.0,0.0,0.0,2.098,-0.008,0.0,10.217,4.049,0.0,0.0,3.0,7.0,3.432,3.097,4.0,8.143,0.0,0.0,2
4.645,0.8039,0.0,0.0,0.0,0.0,0.0,34.1,3.0,12.0,0.0,-0.966,5.043,1.182,11.662,23.0,0.989,1.137,0.0,0.0,0.0,1.173,6.0,0.0,0.0,0.0,2.475,0.0,0.0,38.399,11.072,0.0,0.0,0.0,0.0,3.58,1.998,0.0,9.841,0.0,0.0,2
3.902,2.7284,0.0,0.0,1.0,0.0,0.0,33.3,1.0,0.0,1.0,0.0,3.092,2.322,8.881,0.0,0.969,1.141,0.0,0.0,0.0,1.233,0.0,0.0,0.0,0.0,1.919,-0.022,0.0,0.0,4.086,0.0,0.0,1.0,0.0,3.24,2.1,1.0,7.617,0.0,0.0,2
3.0,2.5124,0.0,0.0,0.0,0.0,0.0,33.3,1.0,0.0,0.0,0.0,2.081,0.918,6.594,0.0,0.998,1.152,0.0,0.0,0.0,1.303,0.0,0.0,0.0,0.0,1.414,0.917,0.0,0.0,1.333,0.0,0.0,1.0,0.0,3.201,3.5,1.0,6.984,0.0,0.0,2
4.362,3.6459,0.0,0.0,0.0,0.0,0.0,33.3,1.0,2.0,1.0,-0.449,2.997,1.906,9.059,3.0,1.027,1.144,0.0,0.0,0.0,1.205,0.0,0.0,0.0,0.0,2.0,-0.089,0.0,10.198,2.524,0.0,0.0,1.0,0.0,3.441,3.208,1.0,7.868,0.0,0.0,2
4.5,4.1188,1.0,0.0,0.0,0.0,0.0,32.0,3.0,3.0,0.0,0.0,4.808,4.3,10.919,9.0,0.967,1.14,0.0,0.0,0.0,1.211,0.0,0.0,0.0,0.0,2.121,0.0,0.0,0.0,10.634,0.0,0.0,0.0,0.0,3.939,1.622,0.0,9.326,0.0,0.0,2
4.593,2.8754,0.0,0.0,1.0,0.0,1.0,42.1,1.0,1.0,2.0,-0.036,3.222,1.461,9.665,1.0,0.998,1.125,0.0,0.0,0.0,1.264,1.0,0.0,0.0,0.0,2.175,0.014,0.0,10.502,2.298,0.0,1.0,3.0,1.0,3.599,2.483,1.0,8.187,0.0,0.0,2
4.499,2.8728,0.0,0.0,2.0,0.0,1.0,41.2,1.0,0.0,2.0,0.0,2.976,1.125,9.311,0.0,0.979,1.127,0.0,0.0,0.0,1.257,1.0,0.0,0.0,0.0,2.136,0.043,0.0,0.0,1.481,0.0,0.0,1.0,2.0,3.554,2.146,1.0,7.83,0.0,0.0,2
4.596,3.2643,0.0,0.0,0.0,0.0,2.0,42.9,0.0,2.0,0.0,0.0,3.025,0.875,9.54,4.0,1.022,1.119,0.0,0.0,0.0,1.223,1.0,0.0,0.0,0.0,2.175,0.047,0.0,0.0,1.069,0.0,2.0,0.0,2.0,3.651,2.917,0.0,8.003,0.0,0.0,2
4.517,2.898,0.0,0.0,0.0,0.0,1.0,42.1,1.0,1.0,0.0,0.0,3.086,1.409,9.391,2.0,0.987,1.12,0.0,0.0,0.0,1.252,1.0,0.0,0.0,0.0,2.149,-0.025,0.0,0.0,2.036,0.0,1.0,0.0,0.0,3.574,2.074,0.0,7.928,0.0,0.0,2
4.607,3.1199,0.0,0.0,1.0,0.0,2.0,38.9,0.0,1.0,2.0,0.0,3.105,1.187,9.631,2.0,0.998,1.132,0.0,0.0,0.0,1.227,1.0,0.0,0.0,0.0,2.194,-0.025,0.0,0.0,1.544,0.0,2.0,2.0,2.0,3.643,2.315,1.0,8.042,0.0,0.0,2
4.499,3.0314,0.0,0.0,0.0,0.0,1.0,50.0,0.0,1.0,0.0,0.0,3.027,1.125,9.311,2.0,0.998,1.104,0.0,0.0,0.0,1.291,1.0,0.0,0.0,0.0,2.136,0.045,0.0,10.006,1.481,0.0,0.0,0.0,0.0,3.592,2.583,0.0,7.979,0.0,0.0,2
4.732,3.015,0.0,0.0,0.0,0.0,1.0,47.1,1.0,1.0,0.0,0.121,3.127,1.187,9.642,2.0,0.992,1.11,0.0,0.0,0.0,1.286,1.0,0.0,0.0,0.0,2.194,-0.025,0.0,10.645,1.659,0.0,0.0,0.0,0.0,3.652,2.481,0.0,8.132,0.0,0.0,2
5.072,2.9677,0.0,0.0,0.0,0.0,2.0,38.1,2.0,4.0,0.0,-0.942,3.863,2.341,10.435,12.0,1.001,1.129,0.0,0.0,0.0,1.206,1.0,0.0,0.0,0.0,2.351,0.0,0.0,23.889,4.023,0.0,0.0,0.0,0.0,3.794,2.433,0.0,8.737,2.0,0.0,2
5.075,2.9203,0.0,0.0,0.0,0.0,2.0,36.4,4.0,4.0,0.0,-0.888,4.159,2.681,10.794,14.0,0.986,1.132,0.0,0.0,0.0,1.21,1.0,0.0,0.0,0.0,2.357,0.0,0.0,25.14,5.828,0.0,0.0,0.0,0.0,3.795,2.19,0.0,8.941,2.0,0.0,2
4.842,3.2871,0.0,0.0,1.0,0.0,2.0,41.2,0.0,4.0,2.0,-1.093,3.483,1.258,10.136,8.0,1.069,1.127,0.0,1.0,0.0,1.199,1.0,0.0,0.0,0.0,2.278,0.005,0.0,30.593,2.113,0.0,1.0,2.0,1.0,3.849,3.5,1.0,8.704,0.0,0.0,2
5.021,3.5325,0.0,0.0,0.0,0.0,4.0,38.9,0.0,5.0,0.0,-1.291,3.45,1.124,10.277,10.0,1.072,1.127,0.0,0.0,0.0,1.147,1.0,0.0,0.0,0.0,2.343,0.005,0.0,10.313,1.623,0.0,3.0,0.0,4.0,3.834,3.611,0.0,8.537,0.0,0.0,2
4.499,3.0645,0.0,0.0,2.0,0.0,1.0,53.8,0.0,0.0,2.0,0.0,3.047,1.125,9.311,0.0,0.99,1.102,0.0,0.0,0.0,1.337,1.0,0.0,0.0,0.0,2.136,0.046,0.0,0.0,1.481,0.0,0.0,1.0,0.0,3.636,2.521,1.0,8.094,0.0,0.0,2
4.414,2.1543,0.0,0.0,1.0,0.0,0.0,30.0,0.0,0.0,2.0,0.0,2.736,0.802,9.183,0.0,0.97,1.149,0.0,0.0,0.0,1.165,1.0,0.0,0.0,0.0,2.101,-0.064,0.0,0.0,0.975,0.0,0.0,2.0,2.0,3.143,1.833,1.0,7.083,0.0,0.0,2
5.099,2.2523,0.0,0.0,0.0,1.0,0.0,35.1,2.0,2.0,0.0,1.47,3.533,1.938,10.469,3.0,0.983,1.135,0.0,0.0,0.0,1.209,1.0,0.0,0.0,0.0,2.236,-0.001,0.0,10.55,3.879,1.0,0.0,0.0,1.0,3.429,2.283,0.0,8.257,0.0,0.0,2
4.791,2.9639,0.0,0.0,0.0,0.0,2.0,45.0,0.0,1.0,0.0,0.0,3.211,1.461,9.725,3.0,0.987,1.114,0.0,0.0,0.0,1.29,1.0,0.0,0.0,0.0,2.231,0.014,0.0,0.0,1.917,0.0,1.0,0.0,1.0,3.661,2.383,0.0,8.14,0.0,0.0,2
